base_1,43.118967237	,131.889649040	,114.216
1,43.025452577	,131.895595640	,44.850
2,43.025511469	,131.895668666	,44.177
3,43.025551260	,131.895614984	,43.721
4,43.025595927	,131.895641729	,43.442
5,43.025603112	,131.895653882	,43.252
6,43.025597256	,131.895704018	,43.326
7,43.025574907	,131.895745726	,43.781
8,43.025602630	,131.895772578	,43.454
9,43.025581225	,131.895791547	,43.680
10,43.025644545	,131.895796388	,43.172
11,43.025638538	,131.895864550	,43.287
12,43.025641977	,131.895860636	,43.376
13,43.025673908	,131.895908276	,42.927
14,43.025745523	,131.895852528	,42.148
15,43.025758291	,131.895848120	,41.958
16,43.025800699	,131.895919938	,41.555
17,43.025837067	,131.895915053	,41.174
18,43.025841622	,131.895902939	,41.132
19,43.025812405	,131.896005569	,41.324
20,43.025835541	,131.896007089	,40.945
21,43.025844423	,131.896062547	,40.363
22,43.025753581	,131.896154906	,41.970
23,43.025733772	,131.896063930	,42.689
24,43.025712034	,131.895938431	,42.501
25,43.025662998	,131.895984834	,43.073
26,43.025669584	,131.896063417	,43.112
27,43.025622224	,131.896142622	,43.735
28,43.025604385	,131.896141322	,44.008
29,43.025601087	,131.896162601	,44.141
30,43.025575730	,131.896085535	,44.210
31,43.025573609	,131.895973795	,44.155
32,43.025614947	,131.895897773	,43.427
33,43.025522673	,131.895813098	,44.388
34,43.025506495	,131.895779548	,44.404
35,43.025552840	,131.896117923	,44.539
36,43.025539977	,131.896192993	,44.818
37,43.025514413	,131.896128664	,44.845
38,43.025476270	,131.896206424	,44.953
39,43.025432257	,131.896109305	,45.782
40,43.025413612	,131.896124570	,45.887
41,43.025398152	,131.896092728	,45.926
42,43.025340688	,131.896098226	,46.711
43,43.025429138	,131.896022280	,45.559
44,43.025403697	,131.895975369	,45.966
45,43.025401860	,131.895973349	,45.973
46,43.025401026	,131.895969494	,46.039
47,43.025397030	,131.895968038	,46.017
48,43.025404643	,131.895915592	,45.691
49,43.025417473	,131.895854949	,45.761
50,43.025483692	,131.895810670	,44.832
51,43.025486193	,131.895820361	,44.777
52,43.025459734	,131.895719477	,44.886
53,43.025363435	,131.895756924	,46.180
54,43.025366526	,131.895831835	,46.185
55,43.025357441	,131.895887052	,46.337
56,43.025300404	,131.895881139	,47.014
57,43.025317663	,131.895940321	,46.821
58,43.025258157	,131.896045816	,47.711
59,43.025261768	,131.896051913	,47.881
60,43.025284144	,131.896121705	,47.362
61,43.025290100	,131.896119206	,47.335
62,43.025281146	,131.896162022	,46.848
63,43.025264519	,131.896159289	,47.214
64,43.025266988	,131.896175028	,46.828
65,43.025272892	,131.896196812	,45.735
66,43.025251228	,131.896187838	,47.444
67,43.025239198	,131.896204760	,47.595
68,43.025239471	,131.896209596	,47.636
69,43.025245413	,131.896214221	,46.825
70,43.025246919	,131.896230888	,46.615
71,43.025258308	,131.896229147	,45.529
72,43.025258854	,131.896255357	,45.920
73,43.025271989	,131.896230574	,44.563
74,43.025398823	,131.896204068	,45.015
75,43.025517591	,131.896254383	,44.243
76,43.025516242	,131.896310572	,42.036
77,43.025543912	,131.896277125	,43.499
78,43.025607830	,131.896284873	,42.214
79,43.025650574	,131.896241315	,42.337
80,43.025685816	,131.896211971	,42.276
81,43.025778352	,131.896215396	,40.670
82,43.025805388	,131.896174418	,40.603
83,43.025907312	,131.896113330	,37.875
84,43.025890982	,131.896133607	,38.476
85,43.025878965	,131.896161868	,38.028
86,43.025883860	,131.896163885	,37.890
87,43.025882062	,131.896167820	,37.794
88,43.025886737	,131.896177186	,37.469
89,43.025946757	,131.896300728	,39.158
90,43.025968426	,131.896330881	,39.823
91,43.025958152	,131.896379935	,40.161
92,43.025926487	,131.896433649	,40.542
93,43.025881038	,131.896391591	,40.562
94,43.025884816	,131.896358607	,39.774
95,43.025889265	,131.896353731	,39.824
96,43.025885516	,131.896350464	,39.786
97,43.025866370	,131.896273829	,38.074
98,43.025815613	,131.896305091	,37.258
99,43.025820427	,131.896297594	,36.920
100,43.025770112	,131.896355414	,37.999
101,43.025777991	,131.896390444	,39.646
102,43.025783861	,131.896416994	,40.627
103,43.025805139	,131.896451386	,42.022
104,43.025842555	,131.896498081	,41.613
105,43.025769287	,131.896458837	,42.117
106,43.025768575	,131.896454070	,42.179
107,43.025771883	,131.896446861	,41.932
108,43.025771890	,131.896430937	,41.140
109,43.025765832	,131.896415763	,40.691
110,43.025739155	,131.896396329	,39.821
111,43.025719001	,131.896563685	,44.092
112,43.025679538	,131.896443881	,41.271
113,43.025675254	,131.896441031	,41.165
114,43.025635771	,131.896424966	,40.087
115,43.025647366	,131.896459033	,41.004
116,43.025671049	,131.896569874	,43.696
117,43.025686711	,131.896623115	,43.501
118,43.025633153	,131.896621801	,43.902
119,43.025612149	,131.896565015	,43.423
120,43.025544912	,131.896510494	,42.864
121,43.025561661	,131.896549860	,43.562
122,43.025549031	,131.896649079	,45.008
123,43.025518112	,131.896644979	,45.064
124,43.025511398	,131.896645555	,45.163
125,43.025511873	,131.896658090	,45.221
126,43.025493273	,131.896626042	,45.006
127,43.025492090	,131.896634253	,45.122
128,43.025483194	,131.896665462	,45.479
129,43.025475954	,131.896668309	,45.565
130,43.025472898	,131.896634041	,45.593
131,43.025463824	,131.896561769	,45.036
132,43.025463441	,131.896552522	,45.042
133,43.025470341	,131.896435501	,43.395
134,43.025476554	,131.896431413	,43.225
135,43.025472165	,131.896423657	,43.239
136,43.025467061	,131.896392136	,43.203
137,43.025437317	,131.896347703	,43.236
138,43.025391548	,131.896493300	,45.891
139,43.025376933	,131.896534460	,46.603
140,43.025371764	,131.896506835	,46.186
141,43.025377745	,131.896583318	,46.518
142,43.025375152	,131.896590212	,46.586
143,43.025429241	,131.896597426	,45.971
144,43.025447313	,131.896664078	,45.863
145,43.025402488	,131.896668796	,46.504
146,43.025382019	,131.896714594	,47.068
147,43.025383858	,131.896695827	,47.130
148,43.025388416	,131.896690583	,46.864
149,43.025376653	,131.896666171	,46.777
150,43.025346400	,131.896590873	,47.290
151,43.025335367	,131.896569962	,47.264
152,43.025315611	,131.896646229	,47.761
153,43.025323597	,131.896658866	,47.625
154,43.025313754	,131.896676527	,47.818
155,43.025289820	,131.896603428	,47.999
156,43.025270349	,131.896562822	,48.247
157,43.025276218	,131.896551413	,48.021
158,43.025273038	,131.896546663	,48.076
159,43.025275681	,131.896545957	,48.022
160,43.025279869	,131.896548137	,47.970
161,43.025288435	,131.896542827	,47.768
162,43.025325232	,131.896501745	,46.836
163,43.025340404	,131.896474347	,46.454
164,43.025377975	,131.896406115	,45.040
165,43.025371914	,131.896380286	,44.913
166,43.025374776	,131.896364729	,44.456
167,43.025365454	,131.896360639	,44.667
168,43.025335151	,131.896373630	,45.513
169,43.025327568	,131.896336383	,45.088
170,43.025308833	,131.896322359	,45.389
171,43.025301660	,131.896314591	,45.433
172,43.025300053	,131.896304401	,45.126
173,43.025296045	,131.896298540	,44.922
174,43.025292529	,131.896295936	,44.888
175,43.025279368	,131.896306081	,46.114
176,43.025229287	,131.896291715	,47.429
177,43.025233558	,131.896310098	,47.306
178,43.025236396	,131.896320300	,47.325
179,43.025228195	,131.896325411	,47.411
180,43.025226079	,131.896332850	,47.561
181,43.025225611	,131.896361176	,47.812
182,43.025242491	,131.896378430	,47.486
183,43.025249074	,131.896404378	,47.528
184,43.025265305	,131.896376894	,46.952
185,43.025301280	,131.896392420	,46.408
186,43.025304231	,131.896446952	,46.971
187,43.025286265	,131.896456653	,47.526
188,43.025254506	,131.896503285	,48.358
189,43.025265918	,131.896496651	,47.814
190,43.025270020	,131.896495916	,47.708
191,43.025291394	,131.896510795	,47.445
192,43.025336109	,131.896814199	,47.974
193,43.025377309	,131.896798376	,47.159
194,43.025379156	,131.896829114	,46.666
195,43.025389735	,131.896846665	,46.303
196,43.025405131	,131.896847072	,46.036
197,43.025413792	,131.896811334	,46.354
198,43.025410942	,131.896860499	,46.104
199,43.025432110	,131.896859424	,45.495
200,43.025429321	,131.896760614	,46.533
201,43.025466458	,131.896845508	,44.469
202,43.025465171	,131.896789648	,45.641
203,43.025464043	,131.896778501	,45.631
204,43.025463759	,131.896780312	,45.695
205,43.025466860	,131.896779878	,45.716
206,43.025464845	,131.896782468	,45.979
207,43.025494180	,131.896784758	,44.794
208,43.025511559	,131.896775921	,44.332
209,43.025521390	,131.896752957	,44.715
210,43.025527496	,131.896757990	,44.744
211,43.025536325	,131.896776187	,44.395
212,43.025541981	,131.896767851	,43.923
213,43.025553262	,131.896791491	,43.194
214,43.025373741	,131.896935319	,47.858
215,43.025377717	,131.896941214	,47.829
216,43.025380192	,131.896968992	,48.065
217,43.025385100	,131.896982972	,48.030
218,43.025411144	,131.897038071	,48.119
219,43.025455903	,131.897126560	,48.156
220,43.025483750	,131.897140370	,47.595
221,43.025501837	,131.897166488	,47.404
222,43.025502626	,131.897168368	,47.769
223,43.025524289	,131.897227016	,47.481
224,43.025550217	,131.897253470	,47.150
225,43.025553260	,131.897283830	,47.308
226,43.025565271	,131.897284140	,47.049
227,43.025566125	,131.897292397	,46.959
228,43.025629791	,131.897397610	,46.297
229,43.025563160	,131.897232235	,46.869
230,43.025551400	,131.897215071	,46.896
231,43.025558180	,131.897201485	,46.583
232,43.025565470	,131.897196006	,46.488
233,43.025438684	,131.896885907	,45.331
234,43.025452140	,131.896862482	,44.960
235,43.025452823	,131.896886747	,45.210
236,43.025457818	,131.896872272	,45.169
237,43.025421150	,131.896952610	,46.108
238,43.025469445	,131.896954564	,45.109
239,43.025471369	,131.896943209	,45.183
240,43.025482410	,131.896931516	,44.849
241,43.025493131	,131.896962742	,45.019
242,43.025496883	,131.896971714	,45.267
243,43.025497722	,131.896977562	,45.479
244,43.025509100	,131.896978752	,44.888
245,43.025511158	,131.896946748	,44.891
246,43.025513715	,131.896942897	,45.103
247,43.025525805	,131.896950515	,44.367
248,43.025535227	,131.896938645	,43.820
249,43.025522623	,131.896931197	,44.207
250,43.025545127	,131.896952255	,43.888
251,43.025562814	,131.896958145	,44.252
252,43.025580710	,131.897012250	,44.307
253,43.025540631	,131.897034026	,44.774
254,43.025538493	,131.897043856	,45.025
255,43.025490100	,131.897067016	,45.945
256,43.025464959	,131.897079290	,46.940
257,43.025526260	,131.897112437	,45.962
258,43.025563068	,131.897082316	,44.812
259,43.025611488	,131.897174303	,45.596
260,43.025616766	,131.897173984	,45.458
261,43.025619130	,131.897171682	,45.560
262,43.025617883	,131.897169693	,45.405
263,43.025629034	,131.897207107	,45.495
264,43.025603176	,131.897226630	,46.382
265,43.025612140	,131.897296234	,46.407
266,43.025626126	,131.897155634	,44.855
267,43.025668081	,131.897087876	,43.525
268,43.025661498	,131.897068716	,43.505
269,43.025675747	,131.897015844	,43.167
270,43.025677376	,131.897004405	,42.821
271,43.025613444	,131.897038682	,44.126
272,43.025621916	,131.896977272	,43.475
273,43.025609029	,131.896966611	,43.349
274,43.025597332	,131.896953499	,43.201
275,43.025583548	,131.896948079	,43.278
276,43.025581760	,131.896941542	,43.196
277,43.025580362	,131.896936953	,42.937
278,43.025595493	,131.896935448	,42.759
279,43.025597451	,131.896932605	,42.660
280,43.025611275	,131.896935501	,42.889
281,43.025631271	,131.896942512	,42.386
282,43.025633453	,131.896988104	,43.362
283,43.025640504	,131.896992476	,43.283
284,43.025671262	,131.896976755	,42.468
285,43.025664194	,131.896976266	,42.562
286,43.025665174	,131.896951054	,41.907
287,43.025656396	,131.896951910	,42.125
288,43.025657512	,131.896941031	,41.876
289,43.025684062	,131.896919528	,41.317
290,43.025660312	,131.896905726	,41.377
291,43.025692856	,131.896884362	,41.662
292,43.025672191	,131.896879348	,41.554
293,43.025668639	,131.896870932	,41.796
294,43.025630952	,131.896904288	,41.656
295,43.025624372	,131.896905083	,41.645
296,43.025613825	,131.896910333	,41.908
297,43.025608935	,131.896907722	,41.809
298,43.025599637	,131.896897136	,41.613
299,43.025583013	,131.896914333	,42.163
300,43.025578588	,131.896898986	,42.011
301,43.025576096	,131.896903126	,42.116
302,43.025624350	,131.896857052	,41.778
303,43.025632125	,131.896831222	,43.315
304,43.025602221	,131.896855296	,42.077
305,43.025605609	,131.896815691	,43.110
306,43.025623147	,131.896793273	,43.882
307,43.025599687	,131.896803742	,43.715
308,43.025580151	,131.896806439	,43.291
309,43.025561635	,131.896818833	,43.242
310,43.025553760	,131.896851819	,42.800
311,43.025549232	,131.896879872	,42.768
312,43.025535617	,131.896901605	,43.429
313,43.025532183	,131.896907277	,43.374
314,43.025526748	,131.896883076	,43.269
315,43.025522283	,131.896873982	,43.389
316,43.025505978	,131.896896635	,43.949
317,43.025508816	,131.896864902	,43.576
318,43.025499594	,131.896847277	,43.923
319,43.025488091	,131.896834976	,44.161
320,43.025514628	,131.896819286	,43.712
321,43.025528391	,131.896815622	,43.943
322,43.025537691	,131.896812866	,43.519
323,43.025526901	,131.896754217	,44.603
324,43.025529569	,131.896750213	,44.628
325,43.025519841	,131.896743601	,44.833
326,43.025541342	,131.896746339	,44.971
327,43.025538006	,131.896741087	,44.903
328,43.025540203	,131.896738919	,45.030
329,43.025628055	,131.896738304	,44.603
330,43.025715899	,131.896703083	,43.105
331,43.025716595	,131.896710406	,43.171
332,43.025909066	,131.895920687	,40.548
333,43.025946167	,131.895878027	,40.096
334,43.026009552	,131.895813430	,39.488
335,43.026013271	,131.895803916	,39.571
336,43.026010794	,131.895780104	,39.403
337,43.026008841	,131.895765415	,39.842
338,43.026013395	,131.895796357	,39.541
339,43.026023392	,131.895843119	,38.847
340,43.026024861	,131.895843412	,38.983
341,43.026041002	,131.895839334	,38.892
342,43.026040513	,131.895841999	,38.711
343,43.026003749	,131.895894065	,38.707
344,43.025976540	,131.895924785	,38.972
345,43.025981217	,131.895930977	,38.714
346,43.026005090	,131.895970755	,37.774
347,43.026007688	,131.895966082	,37.625
348,43.025997145	,131.895925157	,38.234
349,43.026018661	,131.895990933	,37.449
350,43.025984556	,131.896052991	,37.428
351,43.025987090	,131.896047715	,37.584
352,43.026028412	,131.896018855	,36.781
353,43.026027451	,131.896012794	,36.809
354,43.026098323	,131.895999163	,36.558
355,43.026105590	,131.896006084	,36.253
356,43.026102171	,131.895928484	,37.084
357,43.026150121	,131.895879495	,37.513
358,43.026152592	,131.895874840	,38.159
359,43.026153304	,131.896042408	,36.002
360,43.026152571	,131.896032585	,35.932
361,43.026158128	,131.896040896	,35.667
362,43.026161413	,131.896038106	,35.674
363,43.026170587	,131.896042855	,35.506
364,43.026171949	,131.895983127	,37.193
365,43.026179713	,131.895979751	,37.023
366,43.026167953	,131.895959896	,36.007
367,43.026229365	,131.896009267	,35.636
368,43.026226618	,131.895979367	,36.143
369,43.026230464	,131.895977010	,36.067
370,43.026253664	,131.895984829	,35.834
371,43.026244566	,131.895975986	,36.004
372,43.026247787	,131.895974219	,36.115
373,43.026246498	,131.895971399	,36.136
374,43.026281001	,131.895973355	,35.593
375,43.026284760	,131.895985969	,35.291
376,43.026286672	,131.895978407	,35.681
377,43.026291140	,131.895983937	,35.250
378,43.026301252	,131.895985783	,35.376
379,43.026309818	,131.895979024	,35.100
380,43.026322986	,131.895975379	,35.096
381,43.026323965	,131.895969855	,35.156
382,43.026281388	,131.895925357	,36.318
383,43.026285409	,131.895911898	,36.344
384,43.026373905	,131.895959040	,34.864
385,43.026403443	,131.895855526	,36.010
386,43.026404710	,131.895840993	,36.402
387,43.026413115	,131.895839734	,36.573
388,43.026415188	,131.895800162	,38.053
389,43.026432797	,131.895820544	,37.325
390,43.026431885	,131.895826269	,37.011
391,43.026446199	,131.895847197	,36.600
392,43.026443759	,131.895887633	,35.789
393,43.026422625	,131.895816305	,37.256
394,43.026387251	,131.896129924	,35.115
395,43.026390316	,131.896151020	,35.115
396,43.026393702	,131.896152125	,34.927
397,43.026390455	,131.896181481	,35.185
398,43.026389127	,131.896185162	,35.194
399,43.026393246	,131.896188014	,35.102
400,43.026327854	,131.896145286	,36.190
401,43.026321823	,131.896137127	,36.045
402,43.026288564	,131.896202352	,36.777
403,43.026287049	,131.896211342	,36.893
404,43.026344775	,131.896254494	,36.396
405,43.026345133	,131.896251494	,36.428
406,43.026348807	,131.896251272	,36.668
407,43.026351299	,131.896256172	,36.819
408,43.026350233	,131.896288786	,36.389
409,43.026348706	,131.896288589	,36.419
410,43.026346594	,131.896288750	,36.329
411,43.026347147	,131.896293797	,36.468
412,43.026349056	,131.896293883	,36.412
413,43.026328983	,131.896294180	,36.480
414,43.026329607	,131.896302223	,36.292
415,43.026328179	,131.896308429	,35.972
416,43.026324728	,131.896306754	,36.085
417,43.026331677	,131.896309542	,36.055
418,43.026283809	,131.896349827	,35.875
419,43.026280760	,131.896353904	,35.933
420,43.026261650	,131.896349976	,35.996
421,43.026262645	,131.896345403	,35.938
422,43.026260650	,131.896341172	,35.948
423,43.026184077	,131.896330868	,36.746
424,43.026180866	,131.896331643	,37.052
425,43.026232457	,131.896219171	,37.916
426,43.026225226	,131.896220930	,37.270
427,43.026217489	,131.896206689	,37.337
428,43.026214282	,131.896203110	,37.459
429,43.026312382	,131.896113273	,35.787
430,43.026281865	,131.896103178	,35.455
431,43.026257629	,131.896100576	,35.584
432,43.026248062	,131.896088087	,35.434
433,43.026195791	,131.896093869	,35.671
434,43.026196078	,131.896135132	,36.545
435,43.026190865	,131.896135534	,36.573
436,43.026198243	,131.896160180	,36.840
437,43.026174732	,131.896172597	,37.187
438,43.026170880	,131.896174703	,37.223
439,43.026178341	,131.896186715	,37.321
440,43.026171116	,131.896232284	,37.489
441,43.026170861	,131.896237965	,37.601
442,43.026177283	,131.896261529	,37.250
443,43.026149202	,131.896357184	,37.344
444,43.026147708	,131.896367545	,37.456
445,43.026151472	,131.896365134	,37.376
446,43.026067882	,131.896416214	,38.795
447,43.026051002	,131.896396710	,39.182
448,43.026042716	,131.896400423	,39.262
449,43.026015677	,131.896334845	,39.334
450,43.025996928	,131.896241733	,38.483
451,43.025992717	,131.896241874	,38.302
452,43.025997231	,131.896236351	,38.354
453,43.025988267	,131.896138099	,37.244
454,43.025988042	,131.896096463	,36.544
455,43.025996757	,131.896097308	,36.484
456,43.026009292	,131.896142474	,36.772
457,43.026012716	,131.896141086	,36.530
458,43.026016622	,131.896133026	,36.484
459,43.026070066	,131.896077622	,36.528
460,43.026095205	,131.896055473	,35.834
461,43.026097060	,131.896068911	,36.097
462,43.026068586	,131.896139760	,36.879
463,43.026064631	,131.896144860	,37.150
464,43.026073252	,131.896150140	,37.102
465,43.026078067	,131.896160660	,37.224
466,43.026105721	,131.896174051	,37.395
467,43.026074774	,131.896198397	,37.748
468,43.026127500	,131.896252767	,37.791
469,43.026132076	,131.896274949	,37.891
470,43.026129686	,131.896277125	,37.900
471,43.026145527	,131.896305688	,37.617
472,43.026144152	,131.896314014	,37.675
473,43.026104525	,131.896273056	,38.210
474,43.026101589	,131.896266099	,39.115
475,43.026096347	,131.896275007	,38.243
476,43.026067790	,131.896276864	,38.704
477,43.026064713	,131.896268841	,38.623
478,43.025677677	,131.897216801	,44.696
479,43.025714786	,131.897219468	,44.204
480,43.025717387	,131.897218040	,44.188
481,43.025718578	,131.897208001	,44.011
482,43.025714059	,131.897161269	,43.446
483,43.025786350	,131.897191618	,42.635
484,43.025778635	,131.897162429	,42.643
485,43.025787939	,131.897111149	,42.219
486,43.025813496	,131.897133252	,42.659
487,43.025827868	,131.897073574	,41.930
488,43.025842990	,131.897106239	,42.214
489,43.025858868	,131.897132076	,41.827
490,43.025857352	,131.897188835	,42.360
491,43.025863593	,131.897189633	,42.404
492,43.025861185	,131.897222984	,41.917
493,43.025869127	,131.897216568	,41.861
494,43.025900383	,131.897189116	,41.546
495,43.025911103	,131.897181448	,41.461
496,43.025844218	,131.897032457	,41.876
497,43.025906111	,131.897053668	,41.745
498,43.025908917	,131.897040801	,41.620
499,43.025915324	,131.896972335	,41.369
500,43.025910464	,131.896972546	,41.610
501,43.025918350	,131.896969177	,41.586
502,43.025967393	,131.897046826	,41.053
503,43.025969684	,131.897042792	,41.088
504,43.025953151	,131.897098382	,41.293
505,43.025963305	,131.897185347	,41.534
506,43.026027439	,131.897125800	,40.831
507,43.026003977	,131.897074719	,40.773
508,43.025992255	,131.897023901	,40.773
509,43.025996425	,131.896994981	,40.773
510,43.025995567	,131.896981233	,40.768
511,43.026012902	,131.896933539	,40.660
512,43.026014126	,131.896926339	,40.488
513,43.025977164	,131.896865635	,40.274
514,43.026037458	,131.896842766	,39.395
515,43.026037678	,131.896898950	,40.029
516,43.026033494	,131.896905924	,40.139
517,43.026067392	,131.896994338	,39.830
518,43.026077266	,131.897137194	,40.037
519,43.026073323	,131.897136144	,40.146
520,43.026073561	,131.897139198	,40.242
521,43.026098136	,131.897148086	,39.926
522,43.026100608	,131.897125969	,39.934
523,43.026114473	,131.897064477	,39.836
524,43.026112628	,131.897067325	,39.746
525,43.026116922	,131.897061801	,39.552
526,43.026112611	,131.897060218	,39.629
527,43.026103968	,131.896994132	,39.664
528,43.026108592	,131.896932444	,39.448
529,43.026109798	,131.896934115	,39.375
530,43.026114363	,131.896934773	,39.202
531,43.026112652	,131.896925438	,39.253
532,43.026118889	,131.896900029	,38.872
533,43.026090759	,131.896872359	,39.013
534,43.026117805	,131.896875869	,38.672
535,43.026141057	,131.896862075	,38.044
536,43.026147513	,131.896869933	,38.012
537,43.026205677	,131.896905970	,37.865
538,43.026219622	,131.896972136	,38.163
539,43.026224542	,131.896976160	,38.258
540,43.026228927	,131.896975169	,38.374
541,43.026231734	,131.896974780	,38.231
542,43.026250422	,131.896982988	,37.963
543,43.026214162	,131.896992963	,38.333
544,43.026213865	,131.896998990	,38.344
545,43.026202858	,131.896992168	,38.259
546,43.026186550	,131.897028445	,38.402
547,43.026224993	,131.897045548	,38.363
548,43.026228666	,131.897037866	,38.300
549,43.026376001	,131.897226732	,38.184
550,43.026381483	,131.897227155	,38.144
551,43.026399923	,131.897106177	,38.658
552,43.026387807	,131.897090457	,38.737
553,43.026340740	,131.897050949	,38.624
554,43.026415352	,131.897036413	,38.649
555,43.026435435	,131.896996206	,38.642
556,43.026576805	,131.896964395	,35.476
557,43.026564737	,131.896947441	,35.475
558,43.026558042	,131.896898932	,35.051
559,43.026481319	,131.896969935	,37.564
560,43.026484701	,131.896958607	,37.104
561,43.026486067	,131.896920681	,36.070
562,43.026486690	,131.896928589	,36.231
563,43.026470593	,131.896928682	,36.662
564,43.026513099	,131.896862268	,34.970
565,43.026494381	,131.896853266	,35.022
566,43.026512936	,131.896823010	,34.700
567,43.026479742	,131.896833978	,35.054
568,43.026454429	,131.896760190	,34.563
569,43.026430281	,131.896758190	,34.783
570,43.026438588	,131.896702686	,34.339
571,43.026443125	,131.896697983	,34.248
572,43.026441917	,131.896695109	,34.302
573,43.026397818	,131.896708950	,33.972
574,43.026412463	,131.896662728	,33.046
575,43.026403666	,131.896663722	,33.696
576,43.026383219	,131.896688809	,34.825
577,43.026378396	,131.896684825	,34.667
578,43.026374096	,131.896642628	,34.182
579,43.026335355	,131.896563199	,35.097
580,43.026331482	,131.896565115	,34.958
581,43.026319791	,131.896552129	,35.402
582,43.026324854	,131.896537582	,35.573
583,43.026321799	,131.896533029	,35.265
584,43.026327008	,131.896510104	,35.234
585,43.026325557	,131.896506848	,35.308
586,43.026321995	,131.896512055	,35.234
587,43.026346558	,131.896490413	,35.085
588,43.026361514	,131.896462895	,34.988
589,43.026347012	,131.896438745	,34.927
590,43.026389766	,131.896410951	,34.933
591,43.026343321	,131.896411366	,35.305
592,43.026335864	,131.896413966	,35.145
593,43.026335527	,131.896409007	,35.049
594,43.026332506	,131.896408646	,35.074
595,43.026334771	,131.896398608	,35.200
596,43.026318422	,131.896461002	,34.946
597,43.026316810	,131.896458262	,35.363
598,43.026308164	,131.896435114	,35.075
599,43.026292565	,131.896422391	,35.402
600,43.026281846	,131.896517900	,36.134
601,43.026283512	,131.896520619	,36.489
602,43.026275979	,131.896578632	,36.441
603,43.026277929	,131.896581183	,36.466
604,43.026274514	,131.896593287	,36.612
605,43.026270016	,131.896590548	,36.721
606,43.026272367	,131.896591380	,36.877
607,43.026267376	,131.896592143	,36.769
608,43.026267785	,131.896595701	,36.770
609,43.026266453	,131.896597127	,36.591
610,43.026269954	,131.896600194	,36.686
611,43.026273573	,131.896598783	,36.505
612,43.026276459	,131.896607871	,36.319
613,43.026278211	,131.896633669	,35.676
614,43.026282311	,131.896635383	,35.577
615,43.026290940	,131.896667508	,35.526
616,43.026245443	,131.896650900	,35.967
617,43.026236378	,131.896640909	,36.263
618,43.026232109	,131.896638637	,36.808
619,43.026225346	,131.896642824	,36.513
620,43.026227179	,131.896648090	,36.348
621,43.026230109	,131.896648079	,36.248
622,43.026232047	,131.896648120	,36.244
623,43.026214379	,131.896662662	,36.088
624,43.026211070	,131.896666819	,36.075
625,43.026211525	,131.896671863	,35.902
626,43.026211139	,131.896684213	,35.720
627,43.026213820	,131.896644717	,36.368
628,43.026207134	,131.896648296	,36.410
629,43.026199198	,131.896644608	,36.588
630,43.026199506	,131.896641189	,36.620
631,43.026205147	,131.896624662	,36.651
632,43.026197299	,131.896623410	,37.028
633,43.026172456	,131.896619310	,37.440
634,43.026165852	,131.896613753	,37.714
635,43.026187217	,131.896599020	,37.657
636,43.026184428	,131.896593772	,37.748
637,43.026186623	,131.896587979	,37.765
638,43.026186746	,131.896586884	,37.682
639,43.026170828	,131.896572746	,37.846
640,43.026208036	,131.896558949	,37.607
641,43.026209433	,131.896559879	,37.646
642,43.026210655	,131.896563302	,37.536
643,43.026211388	,131.896564748	,37.559
644,43.026220282	,131.896570041	,37.494
645,43.026224010	,131.896593024	,37.203
646,43.026224370	,131.896605037	,37.013
647,43.026221600	,131.896623205	,36.619
648,43.026225336	,131.896618513	,36.919
649,43.026231873	,131.896616230	,36.914
650,43.026228259	,131.896562365	,37.409
651,43.026229480	,131.896551001	,37.410
652,43.026254487	,131.896527777	,36.815
653,43.026259181	,131.896527452	,36.639
654,43.026245123	,131.896516731	,36.889
655,43.026248250	,131.896515013	,36.740
656,43.026204249	,131.896519355	,37.645
657,43.026201363	,131.896519505	,38.046
658,43.026199222	,131.896519367	,37.829
659,43.026201472	,131.896512931	,37.876
660,43.026164053	,131.896481969	,38.155
661,43.026165995	,131.896487952	,38.075
662,43.026164670	,131.896492447	,38.495
663,43.026183112	,131.896536151	,37.999
664,43.026211687	,131.896551560	,37.597
665,43.026134233	,131.896587346	,38.258
666,43.026087438	,131.896641608	,37.421
667,43.026086016	,131.896632641	,37.767
668,43.026084677	,131.896632815	,37.707
669,43.026084105	,131.896636027	,38.065
670,43.026073001	,131.896600102	,38.716
671,43.026069373	,131.896595979	,38.913
672,43.026056943	,131.896589642	,38.989
673,43.026047036	,131.896583523	,39.226
674,43.026064087	,131.896558772	,39.264
675,43.026068683	,131.896554528	,39.437
676,43.026077653	,131.896494674	,39.160
677,43.026081169	,131.896486701	,39.222
678,43.026036309	,131.896555380	,39.567
679,43.026004688	,131.896581991	,39.692
680,43.026009092	,131.896584877	,39.715
681,43.026008678	,131.896587842	,39.405
682,43.026006894	,131.896590665	,39.679
683,43.026009162	,131.896605136	,39.115
684,43.025972454	,131.896563464	,40.334
685,43.025969018	,131.896583917	,39.952
686,43.025969890	,131.896590154	,39.859
687,43.025987910	,131.896509541	,40.048
688,43.025992123	,131.896454587	,39.923
689,43.025966321	,131.896476613	,40.198
690,43.025964801	,131.896479817	,40.358
691,43.025939609	,131.896503589	,40.433
692,43.025927824	,131.896515393	,40.430
693,43.025880656	,131.896551617	,41.295
694,43.025878928	,131.896550485	,41.333
695,43.025876711	,131.896549240	,41.197
696,43.025872125	,131.896556219	,41.355
697,43.025844675	,131.896645000	,41.496
698,43.025847815	,131.896643082	,41.426
699,43.025850703	,131.896644792	,41.279
700,43.025842869	,131.896651850	,41.372
701,43.025770698	,131.896673633	,42.504
702,43.025768382	,131.896677717	,42.668
703,43.025750170	,131.896747267	,42.566
704,43.025799893	,131.896752548	,41.869
705,43.025798678	,131.896747690	,41.482
706,43.025801595	,131.896746792	,41.454
707,43.025804475	,131.896748894	,41.488
708,43.025743652	,131.896810120	,42.562
709,43.025740354	,131.896813984	,42.616
710,43.025762261	,131.896854388	,42.137
711,43.025769045	,131.896846931	,41.638
712,43.025770694	,131.896848649	,41.793
713,43.025743880	,131.896944090	,40.778
714,43.025733188	,131.896973758	,41.281
715,43.025728416	,131.896978528	,41.674
716,43.025760049	,131.896985724	,41.138
717,43.025842913	,131.897002612	,41.238
718,43.025848358	,131.897010553	,41.414
719,43.025848480	,131.897006379	,41.480
720,43.025848335	,131.897001256	,41.365
721,43.025849669	,131.897005711	,41.464
722,43.025851830	,131.897005316	,41.399
723,43.025852353	,131.897003821	,41.478
724,43.025855616	,131.896984729	,40.950
725,43.025848955	,131.896937103	,39.962
726,43.025819720	,131.896914584	,40.022
727,43.025840392	,131.896894299	,39.884
728,43.025796313	,131.896834638	,40.714
729,43.025798031	,131.896833254	,40.796
730,43.025796362	,131.896830206	,40.917
731,43.025797069	,131.896826074	,40.768
732,43.025800591	,131.896829033	,40.629
733,43.025821699	,131.896783793	,40.593
734,43.025872851	,131.896879159	,39.566
735,43.025878501	,131.896886397	,39.721
736,43.025890922	,131.896862928	,39.473
737,43.025892514	,131.896866748	,39.426
738,43.025894802	,131.896867054	,39.410
739,43.025885840	,131.896841030	,39.311
740,43.025880633	,131.896840340	,39.323
741,43.025884641	,131.896835966	,39.307
742,43.025894010	,131.896825152	,38.922
743,43.025879553	,131.896713674	,39.560
744,43.025876846	,131.896712850	,39.423
745,43.025875133	,131.896708735	,39.634
746,43.025873636	,131.896708359	,39.564
747,43.025873996	,131.896703666	,39.598
748,43.025876733	,131.896703962	,39.571
749,43.025878589	,131.896705929	,39.515
750,43.025881094	,131.896708375	,39.396
751,43.025895439	,131.896667157	,39.777
752,43.025910291	,131.896671140	,39.174
753,43.025941907	,131.896694685	,38.005
754,43.025947462	,131.896689005	,37.961
755,43.025960436	,131.896670560	,37.993
756,43.025969096	,131.896677466	,37.804
757,43.025968028	,131.896681433	,37.693
758,43.025965632	,131.896747970	,37.378
759,43.025968793	,131.896750832	,37.297
760,43.025966232	,131.896755315	,37.328
761,43.025949511	,131.896790886	,37.574
762,43.025986489	,131.896800107	,38.421
763,43.026010613	,131.896790413	,38.127
764,43.026054808	,131.896811985	,38.323
765,43.026034495	,131.896749713	,37.219
766,43.026096496	,131.896738169	,36.753
767,43.026072547	,131.896807150	,37.949
768,43.026069920	,131.896809194	,38.318
769,43.026071620	,131.896812183	,38.222
770,43.026075744	,131.896812545	,38.028
771,43.026130553	,131.896829045	,37.652
772,43.026129624	,131.896825704	,37.743
773,43.026130964	,131.896823832	,37.369
774,43.026135231	,131.896826767	,37.633
775,43.026144363	,131.896816652	,36.962
776,43.026180679	,131.896841105	,36.882
777,43.026180994	,131.896844297	,37.057
778,43.026200503	,131.896834352	,36.726
779,43.026195236	,131.896830912	,36.772
780,43.026199209	,131.896828907	,37.135
781,43.026193673	,131.896822857	,36.612
782,43.026202304	,131.896814030	,36.168
783,43.026220421	,131.896794727	,35.467
784,43.026235310	,131.896827208	,35.926
785,43.026230966	,131.896833235	,36.249
786,43.026231986	,131.896838264	,36.337
787,43.026235024	,131.896836594	,36.190
788,43.026240581	,131.896853797	,36.825
789,43.026244575	,131.896848157	,36.618
790,43.026273107	,131.896859808	,37.044
791,43.026274796	,131.896867483	,37.028
792,43.026278635	,131.896857792	,37.093
793,43.026278285	,131.896860567	,36.810
794,43.026278284	,131.896863667	,36.893
795,43.026282263	,131.896859839	,36.809
796,43.026284906	,131.896836788	,36.088
797,43.026260603	,131.896776315	,35.532
798,43.026268223	,131.896771643	,35.369
799,43.026275638	,131.896731304	,35.062
800,43.026336336	,131.896755481	,35.179
801,43.026336369	,131.896754297	,34.704
802,43.026335285	,131.896757682	,34.790
803,43.026359280	,131.896787490	,35.617
804,43.026366516	,131.896786271	,35.541
805,43.026179043	,131.896676619	,36.024
806,43.026166129	,131.896664697	,36.464
807,43.026173496	,131.896725188	,35.678
808,43.026161442	,131.896738530	,36.013
809,43.026154912	,131.896735354	,35.925
810,43.026130399	,131.896754380	,36.244
811,43.026121882	,131.896735743	,36.193
812,43.026128528	,131.896666239	,36.544
813,43.026127384	,131.896688543	,36.035
814,43.026115192	,131.896670965	,36.523
815,43.026115238	,131.896678328	,36.331
816,43.026116663	,131.896682366	,36.193
817,43.026114117	,131.896696473	,36.008
818,43.026107261	,131.896708424	,36.014
819,43.026099875	,131.896689606	,36.184
820,43.026095960	,131.896699891	,36.086
821,43.026092058	,131.896708850	,36.133
822,43.026074448	,131.896708654	,36.168
823,43.026045540	,131.896736124	,36.672
824,43.026011074	,131.896718340	,36.603
825,43.026008635	,131.896710097	,36.743
826,43.025987378	,131.896733679	,36.975
827,43.025662254	,131.897317323	,45.563
828,43.025665451	,131.897320893	,45.718
829,43.025664480	,131.897329057	,45.910
830,43.025675262	,131.897337306	,45.377
831,43.025697470	,131.897335486	,44.888
832,43.025691488	,131.897308553	,44.898
833,43.025698420	,131.897296413	,44.740
834,43.025710534	,131.897296952	,44.533
835,43.025727230	,131.897286040	,44.409
836,43.025738233	,131.897282667	,44.083
837,43.025732728	,131.897291439	,44.177
838,43.025741043	,131.897299420	,44.133
839,43.025745533	,131.897300884	,44.058
840,43.025754745	,131.897292677	,43.880
841,43.025756868	,131.897294848	,43.974
842,43.025751492	,131.897255276	,43.833
843,43.025755070	,131.897304099	,43.904
844,43.025758573	,131.897306570	,43.794
845,43.025757673	,131.897314569	,43.869
846,43.025766217	,131.897312537	,43.739
847,43.025777311	,131.897305381	,43.569
848,43.025782333	,131.897293126	,43.437
849,43.025795337	,131.897270866	,43.087
850,43.025797044	,131.897235202	,42.885
851,43.025803795	,131.897222787	,42.677
852,43.025805947	,131.897230788	,42.758
853,43.025812422	,131.897230966	,42.637
854,43.025807396	,131.897245018	,42.731
855,43.025832085	,131.897262573	,42.591
856,43.025836171	,131.897266304	,42.547
857,43.025843317	,131.897257280	,42.424
858,43.025853409	,131.897238467	,42.212
859,43.025856443	,131.897237897	,42.150
860,43.025827313	,131.897279102	,42.685
861,43.025803709	,131.897298744	,43.307
862,43.025774688	,131.897325838	,43.670
863,43.025763308	,131.897331452	,43.803
864,43.025763435	,131.897336492	,43.828
865,43.025751456	,131.897340457	,44.082
866,43.025748831	,131.897335963	,44.071
867,43.025741354	,131.897347819	,44.187
868,43.025733252	,131.897351288	,44.371
869,43.025730343	,131.897337052	,44.333
870,43.025720488	,131.897364339	,44.722
871,43.025715612	,131.897379629	,44.726
872,43.025729816	,131.897317471	,44.413
873,43.025748985	,131.897361334	,44.089
874,43.025752754	,131.897364674	,44.082
875,43.025748791	,131.897370247	,44.114
876,43.025755348	,131.897376218	,44.019
877,43.025760750	,131.897381783	,43.995
878,43.025764034	,131.897384447	,44.019
879,43.025771744	,131.897364742	,43.714
880,43.025779993	,131.897358436	,43.795
881,43.025775841	,131.897344902	,43.625
882,43.025769238	,131.897340450	,43.768
883,43.025789454	,131.897350140	,43.595
884,43.025791289	,131.897344762	,43.358
885,43.025804260	,131.897336710	,43.156
886,43.025828529	,131.897315168	,42.988
887,43.025829850	,131.897322937	,43.019
888,43.025831189	,131.897321556	,43.067
889,43.025826302	,131.897321048	,42.998
890,43.025846455	,131.897303727	,42.602
891,43.025853889	,131.897272914	,42.371
892,43.025859641	,131.897268978	,42.301
893,43.025866690	,131.897256020	,42.100
894,43.025864668	,131.897271894	,42.219
895,43.025878315	,131.897272630	,42.023
896,43.025880950	,131.897271794	,41.955
897,43.025880298	,131.897265902	,41.977
898,43.025877876	,131.897253481	,41.941
899,43.025889403	,131.897261871	,41.868
900,43.025899796	,131.897261714	,41.685
901,43.025904786	,131.897242165	,41.626
902,43.025909376	,131.897237022	,41.635
903,43.025932647	,131.897228611	,41.455
904,43.025959653	,131.897239169	,41.197
905,43.025942510	,131.897246134	,41.257
906,43.025937426	,131.897247672	,41.328
907,43.025938666	,131.897261624	,41.318
908,43.025951858	,131.897257315	,41.164
909,43.025959765	,131.897272109	,41.191
910,43.025962877	,131.897277416	,41.196
911,43.025952964	,131.897279353	,41.198
912,43.025943688	,131.897278476	,41.250
913,43.025941063	,131.897289227	,41.292
914,43.025953721	,131.897299574	,41.235
915,43.025947955	,131.897303373	,41.271
916,43.025944302	,131.897302400	,41.306
917,43.025925198	,131.897290576	,41.469
918,43.025918560	,131.897301882	,41.574
919,43.025908492	,131.897295330	,41.719
920,43.025908322	,131.897274674	,41.613
921,43.025905887	,131.897269108	,41.646
922,43.025897155	,131.897274649	,41.771
923,43.025900075	,131.897281536	,41.790
924,43.025884759	,131.897288407	,41.997
925,43.025869724	,131.897289657	,42.158
926,43.025856929	,131.897306253	,42.364
927,43.025847753	,131.897313935	,42.486
928,43.025852473	,131.897322850	,42.424
929,43.025843075	,131.897333053	,42.575
930,43.025853228	,131.897343316	,42.463
931,43.025855730	,131.897344133	,42.505
932,43.025840099	,131.897337979	,42.642
933,43.025841826	,131.897345170	,42.621
934,43.025842952	,131.897355926	,42.558
935,43.025837895	,131.897371352	,42.882
936,43.025831867	,131.897358671	,42.820
937,43.025829305	,131.897350643	,42.910
938,43.025826284	,131.897345557	,42.856
939,43.025811538	,131.897351596	,43.086
940,43.025806228	,131.897364438	,43.197
941,43.025793744	,131.897366740	,43.368
942,43.025785702	,131.897375535	,43.561
943,43.025778822	,131.897382429	,43.669
944,43.025767169	,131.897380217	,43.859
945,43.025756801	,131.897394245	,44.022
946,43.025762063	,131.897397980	,43.938
947,43.025763964	,131.897398633	,43.866
948,43.025747439	,131.897404570	,44.212
949,43.025742938	,131.897401049	,44.321
950,43.025742510	,131.897392651	,44.283
951,43.025745192	,131.897386960	,44.252
952,43.025739832	,131.897371788	,44.290
953,43.025739610	,131.897375584	,44.302
954,43.025741302	,131.897380019	,44.276
955,43.025738699	,131.897401608	,44.391
956,43.025731289	,131.897404081	,44.538
957,43.025674818	,131.897454853	,45.762
958,43.025729485	,131.897471144	,44.632
959,43.025731664	,131.897472375	,44.625
960,43.025737479	,131.897498929	,44.624
961,43.025741123	,131.897495552	,44.587
962,43.025744556	,131.897498023	,44.475
963,43.025746757	,131.897502134	,44.438
964,43.025749213	,131.897491254	,44.399
965,43.025749529	,131.897487023	,44.330
966,43.025767008	,131.897495033	,44.352
967,43.025781963	,131.897493847	,44.101
968,43.025778100	,131.897504583	,43.930
969,43.025783450	,131.897513509	,44.093
970,43.025795651	,131.897493333	,43.733
971,43.025799332	,131.897467573	,43.685
972,43.025814653	,131.897482023	,43.389
973,43.025810826	,131.897501599	,43.553
974,43.025814904	,131.897500727	,43.459
975,43.025804171	,131.897512499	,43.646
976,43.025807540	,131.897511480	,43.562
977,43.025820370	,131.897498915	,43.393
978,43.025822696	,131.897504197	,43.372
979,43.025821669	,131.897512867	,43.432
980,43.025823871	,131.897512680	,43.419
981,43.025829255	,131.897513862	,43.311
982,43.025816648	,131.897538131	,43.483
983,43.025835993	,131.897546629	,43.216
984,43.025846760	,131.897563683	,43.183
985,43.025860304	,131.897534052	,42.889
986,43.025860624	,131.897561376	,43.066
987,43.025870611	,131.897547349	,42.921
988,43.025877639	,131.897537795	,43.011
989,43.025880069	,131.897541887	,42.690
990,43.025888483	,131.897524713	,42.554
991,43.025893524	,131.897511055	,42.453
992,43.025893085	,131.897528077	,42.769
993,43.025904787	,131.897525370	,42.364
994,43.025885151	,131.897541465	,42.692
995,43.025887535	,131.897544610	,42.751
996,43.025884513	,131.897561646	,42.685
997,43.025870233	,131.897571918	,42.934
998,43.025876198	,131.897573511	,42.784
999,43.025907612	,131.897605126	,42.694
1000,43.025924887	,131.897536812	,42.278
1001,43.025906789	,131.897551418	,42.465
1002,43.025995744	,131.897667499	,41.855
1003,43.025998279	,131.897670409	,42.456
1004,43.026061073	,131.897670905	,41.300
1005,43.026048234	,131.897625186	,41.546
1006,43.026035389	,131.897616023	,41.729
1007,43.026046197	,131.897597535	,41.447
1008,43.026058975	,131.897570749	,41.208
1009,43.026081484	,131.897572591	,41.046
1010,43.026060487	,131.897522009	,41.104
1011,43.026061371	,131.897525768	,41.054
1012,43.026063639	,131.897525245	,41.041
1013,43.026068935	,131.897500824	,40.964
1014,43.026052704	,131.897488609	,41.183
1015,43.026021905	,131.897532740	,41.474
1016,43.026024518	,131.897547253	,41.424
1017,43.026006762	,131.897401672	,41.278
1018,43.025999104	,131.897383602	,41.245
1019,43.025995799	,131.897354570	,41.129
1020,43.025992479	,131.897340580	,40.982
1021,43.025983374	,131.897306663	,41.009
1022,43.025972482	,131.897305330	,41.099
1023,43.025970303	,131.897309076	,41.149
1024,43.025961417	,131.897321454	,41.257
1025,43.025951957	,131.897328620	,41.481
1026,43.025953233	,131.897329207	,41.468
1027,43.025953361	,131.897332197	,41.475
1028,43.025948932	,131.897337691	,41.660
1029,43.025946986	,131.897335774	,41.646
1030,43.025948454	,131.897333269	,41.588
1031,43.025936937	,131.897342889	,41.840
1032,43.025933408	,131.897343071	,41.711
1033,43.025938565	,131.897367295	,41.633
1034,43.025943532	,131.897370248	,41.607
1035,43.025949702	,131.897370281	,41.519
1036,43.025960512	,131.897353923	,41.387
1037,43.025964877	,131.897353782	,41.338
1038,43.025966834	,131.897344191	,41.328
1039,43.025971175	,131.897350768	,41.243
1040,43.025977115	,131.897351408	,41.173
1041,43.025985271	,131.897355265	,41.141
1042,43.025989418	,131.897352898	,41.085
1043,43.025989243	,131.897361999	,41.085
1044,43.025979998	,131.897375348	,41.187
1045,43.025977319	,131.897373911	,41.166
1046,43.025966411	,131.897379098	,41.448
1047,43.025961485	,131.897409444	,41.586
1048,43.025953865	,131.897400387	,41.479
1049,43.025951592	,131.897398475	,41.564
1050,43.025940459	,131.897395717	,41.696
1051,43.025947204	,131.897405014	,41.588
1052,43.025934598	,131.897409201	,41.849
1053,43.025941964	,131.897376738	,41.790
1054,43.025952411	,131.897377870	,41.451
1055,43.025921566	,131.897345988	,41.672
1056,43.025912505	,131.897323361	,41.727
1057,43.025909237	,131.897329012	,41.767
1058,43.025909959	,131.897332108	,41.773
1059,43.025913625	,131.897334887	,41.709
1060,43.025907847	,131.897348227	,41.832
1061,43.025914479	,131.897366623	,41.928
1062,43.025908973	,131.897372404	,41.970
1063,43.025911489	,131.897377027	,41.909
1064,43.025911332	,131.897383044	,41.972
1065,43.025918383	,131.897397429	,41.878
1066,43.025914495	,131.897402219	,41.977
1067,43.025906983	,131.897418223	,42.077
1068,43.025906221	,131.897425479	,42.036
1069,43.025908348	,131.897440756	,42.103
1070,43.025900793	,131.897448970	,42.222
1071,43.025881862	,131.897477780	,42.629
1072,43.025878003	,131.897475607	,42.682
1073,43.025876383	,131.897477247	,42.768
1074,43.025877969	,131.897487045	,42.765
1075,43.025863325	,131.897473989	,42.739
1076,43.025851663	,131.897455149	,42.908
1077,43.025878848	,131.897431824	,42.489
1078,43.025879833	,131.897410950	,42.395
1079,43.025883435	,131.897402660	,42.436
1080,43.025880935	,131.897391320	,42.395
1081,43.025884015	,131.897396703	,42.299
1082,43.025897516	,131.897386597	,42.176
1083,43.025894352	,131.897382932	,42.206
1084,43.025891807	,131.897384650	,42.206
1085,43.025890525	,131.897370907	,42.162
1086,43.025892634	,131.897363064	,42.142
1087,43.025898856	,131.897365592	,42.110
1088,43.025903028	,131.897365428	,42.034
1089,43.025897816	,131.897353775	,42.006
1090,43.025898360	,131.897337663	,41.912
1091,43.025896929	,131.897327271	,41.934
1092,43.025899074	,131.897313536	,41.844
1093,43.025887298	,131.897314110	,42.023
1094,43.025879410	,131.897304218	,42.105
1095,43.025875368	,131.897313533	,42.131
1096,43.025881881	,131.897320684	,42.078
1097,43.025878550	,131.897325160	,42.127
1098,43.025870313	,131.897325335	,42.210
1099,43.025864639	,131.897329828	,42.314
1100,43.025877153	,131.897340414	,42.138
1101,43.025873973	,131.897351597	,42.316
1102,43.025867466	,131.897360494	,42.405
1103,43.025876222	,131.897360012	,42.231
1104,43.025883154	,131.897366532	,42.269
1105,43.025871989	,131.897374171	,42.387
1106,43.025865058	,131.897386220	,42.447
1107,43.025865686	,131.897390744	,42.493
1108,43.025861076	,131.897408137	,42.730
1109,43.025858920	,131.897409495	,42.767
1110,43.025864426	,131.897423543	,42.586
1111,43.025861667	,131.897424918	,42.653
1112,43.025868687	,131.897443572	,42.634
1113,43.025844307	,131.897457957	,42.954
1114,43.025839314	,131.897469319	,43.249
1115,43.025828440	,131.897467093	,43.439
1116,43.025817064	,131.897463950	,43.446
1117,43.025811209	,131.897445831	,43.352
1118,43.025822969	,131.897431694	,43.095
1119,43.025821970	,131.897428491	,43.138
1120,43.025829246	,131.897423859	,43.013
1121,43.025838474	,131.897421628	,42.939
1122,43.025832099	,131.897416833	,42.983
1123,43.025831412	,131.897410274	,42.994
1124,43.025833383	,131.897409583	,42.945
1125,43.025845105	,131.897408081	,42.808
1126,43.025853178	,131.897389296	,42.649
1127,43.025857518	,131.897387413	,42.626
1128,43.025860499	,131.897372565	,42.550
1129,43.025848349	,131.897376510	,42.697
1130,43.025832507	,131.897385421	,42.834
1131,43.025812787	,131.897378768	,43.182
1132,43.025800376	,131.897393295	,43.452
1133,43.025814984	,131.897406711	,43.244
1134,43.025809102	,131.897416594	,43.351
1135,43.025802002	,131.897425039	,43.482
1136,43.025799791	,131.897427716	,43.556
1137,43.025805624	,131.897431474	,43.489
1138,43.025811511	,131.897429663	,43.283
1139,43.025795117	,131.897411133	,43.489
1140,43.025788823	,131.897403074	,43.599
1141,43.025792744	,131.897403603	,43.571
1142,43.025787505	,131.897420979	,43.705
1143,43.025782101	,131.897420030	,43.800
1144,43.025777142	,131.897411683	,43.773
1145,43.025779637	,131.897410544	,43.738
1146,43.025781418	,131.897402053	,43.691
1147,43.025785365	,131.897396693	,43.627
1148,43.025763772	,131.897421069	,44.015
1149,43.025764754	,131.897430158	,44.042
1150,43.025777807	,131.897433900	,43.933
1151,43.025754695	,131.897437647	,44.399
1152,43.025701906	,131.897533058	,45.300
1153,43.025681237	,131.897561413	,45.767
1154,43.025682442	,131.897577189	,45.653
1155,43.025676377	,131.897585725	,45.784
1156,43.025706237	,131.897624767	,45.328
1157,43.025714866	,131.897650913	,45.033
1158,43.025712287	,131.897653389	,45.110
1159,43.025706182	,131.897680012	,45.418
1160,43.025730864	,131.897661049	,44.902
1161,43.025725058	,131.897659749	,44.996
1162,43.025727026	,131.897655903	,44.920
1163,43.025717787	,131.897626362	,44.974
1164,43.025707762	,131.897573676	,45.198
1165,43.025731894	,131.897531361	,44.590
1166,43.025752049	,131.897585406	,44.608
1167,43.025750114	,131.897596705	,44.504
1168,43.025738891	,131.897596277	,44.694
1169,43.025738274	,131.897589152	,44.706
1170,43.025760672	,131.897589396	,44.279
1171,43.025769414	,131.897595300	,44.329
1172,43.025772100	,131.897585744	,44.056
1173,43.025773893	,131.897586158	,44.132
1174,43.025777258	,131.897589636	,44.017
1175,43.025778217	,131.897581421	,43.955
1176,43.025781996	,131.897582220	,43.914
1177,43.025781094	,131.897573684	,43.969
1178,43.025782133	,131.897563442	,44.004
1179,43.025785173	,131.897569796	,43.903
1180,43.025788189	,131.897582671	,43.910
1181,43.025790659	,131.897575664	,43.838
1182,43.025796319	,131.897571821	,43.766
1183,43.025795886	,131.897577523	,43.824
1184,43.025793623	,131.897584581	,43.816
1185,43.025791589	,131.897592427	,43.976
1186,43.025788538	,131.897597718	,43.831
1187,43.025785384	,131.897599607	,43.939
1188,43.025782689	,131.897602882	,43.916
1189,43.025782326	,131.897607969	,43.985
1190,43.025782080	,131.897613853	,44.008
1191,43.025785331	,131.897610137	,44.024
1192,43.025773988	,131.897607822	,44.085
1193,43.025777563	,131.897627451	,44.044
1194,43.025779553	,131.897626624	,43.945
1195,43.025759275	,131.897632506	,44.305
1196,43.025765308	,131.897636319	,44.257
1197,43.025769263	,131.897637816	,44.171
1198,43.025768590	,131.897642495	,44.193
1199,43.025772002	,131.897647205	,44.149
1200,43.025780122	,131.897652734	,44.026
1201,43.025775408	,131.897651621	,44.101
1202,43.025774238	,131.897650683	,44.106
1203,43.025749941	,131.897637641	,44.469
1204,43.025805293	,131.897580669	,43.765
1205,43.025808590	,131.897633854	,43.686
1206,43.025809949	,131.897631811	,43.810
1207,43.025817288	,131.897648706	,43.589
1208,43.025841707	,131.897640267	,43.477
1209,43.025845106	,131.897642114	,43.644
1210,43.025846393	,131.897635945	,43.356
1211,43.025843162	,131.897631781	,43.386
1212,43.025888728	,131.897640977	,42.675
1213,43.025875454	,131.897657539	,43.010
1214,43.025888874	,131.897682702	,43.044
1215,43.025905758	,131.897703845	,42.638
1216,43.025864777	,131.897693591	,43.210
1217,43.025789249	,131.897669903	,43.921
1218,43.025770169	,131.897671169	,44.196
1219,43.025739610	,131.897729994	,45.130
1220,43.025755961	,131.897747045	,44.697
1221,43.025748416	,131.897763574	,45.042
1222,43.025770308	,131.897835158	,44.611
1223,43.025767078	,131.897840571	,44.604
1224,43.025797190	,131.897863950	,44.322
1225,43.025829534	,131.897931901	,44.179
1226,43.025864899	,131.897949373	,44.072
1227,43.025873280	,131.897949211	,43.923
1228,43.025874289	,131.897939974	,44.057
1229,43.025874941	,131.897933712	,43.815
1230,43.025872493	,131.897930849	,43.973
1231,43.025866562	,131.897933200	,43.964
1232,43.025869839	,131.897936573	,44.158
1233,43.025860282	,131.897900762	,43.487
1234,43.025855474	,131.897883441	,43.609
1235,43.025848604	,131.897872106	,43.638
1236,43.025859300	,131.897862590	,43.383
1237,43.025862036	,131.897862482	,43.381
1238,43.025862336	,131.897839696	,43.571
1239,43.025875833	,131.897858842	,43.177
1240,43.025878352	,131.897853264	,43.105
1241,43.025874854	,131.897875251	,43.413
1242,43.025873198	,131.897878791	,43.391
1243,43.025951090	,131.897907742	,42.818
1244,43.025951999	,131.897901584	,42.636
1245,43.025974703	,131.897854261	,42.578
1246,43.025964220	,131.897854402	,42.542
1247,43.025944281	,131.897825541	,42.580
1248,43.025931367	,131.897826742	,42.701
1249,43.025907819	,131.897842610	,43.091
1250,43.025912037	,131.897843413	,43.096
1251,43.025911315	,131.897821976	,42.852
1252,43.025913058	,131.897807890	,42.814
1253,43.025902623	,131.897815641	,42.963
1254,43.025899891	,131.897802435	,43.034
1255,43.025906243	,131.897764247	,42.783
1256,43.025896776	,131.897762983	,43.025
1257,43.025884539	,131.897740036	,43.097
1258,43.025881884	,131.897727888	,42.892
1259,43.025872781	,131.897726811	,43.044
1260,43.025835541	,131.897732961	,43.704
1261,43.025856154	,131.897717056	,43.236
1262,43.025847966	,131.897780099	,43.358
1263,43.025848451	,131.897785955	,43.371
1264,43.025848778	,131.897789917	,43.359
1265,43.025845947	,131.897800219	,43.571
1266,43.025839801	,131.897789286	,43.472
1267,43.025821823	,131.897771475	,43.619
1268,43.025813762	,131.897759444	,43.727
1269,43.025813586	,131.897767692	,43.718
1270,43.025800349	,131.897753303	,44.080
1271,43.025811912	,131.897776640	,43.765
1272,43.025806346	,131.897782251	,43.944
1273,43.025809849	,131.897798647	,43.818
1274,43.025830349	,131.897800762	,43.772
1275,43.025794114	,131.897797404	,44.096
1276,43.025780230	,131.897801418	,44.532
1277,43.025766882	,131.897767428	,44.547
1278,43.025776309	,131.897730928	,44.406
1279,43.025785521	,131.897697393	,44.057
1280,43.025793492	,131.897689201	,43.910
1281,43.025783226	,131.897690398	,44.041
1282,43.025781491	,131.898084782	,45.814
1283,43.025808214	,131.898065071	,45.110
1284,43.025805256	,131.898088042	,45.385
1285,43.025811577	,131.898090905	,45.318
1286,43.025807942	,131.898095434	,45.459
1287,43.025802010	,131.898125275	,45.589
1288,43.025816269	,131.898134172	,45.523
1289,43.025815536	,131.898146315	,45.520
1290,43.025833635	,131.898165429	,45.442
1291,43.025816930	,131.898146114	,45.438
1292,43.025810251	,131.898156717	,45.651
1293,43.025818035	,131.898186757	,45.819
1294,43.025816174	,131.898195944	,45.938
1295,43.025797167	,131.898220516	,46.399
1296,43.025799276	,131.898224740	,46.369
1297,43.025786807	,131.898234927	,46.481
1298,43.025789167	,131.898239696	,46.535
1299,43.025789060	,131.898327005	,47.030
1300,43.025792196	,131.898348533	,47.119
1301,43.025801457	,131.898429159	,47.503
1302,43.025888453	,131.898513607	,47.367
1303,43.025897274	,131.898450432	,46.398
1304,43.025935638	,131.898453926	,46.165
1305,43.025921320	,131.898433683	,46.332
1306,43.025892009	,131.898417977	,46.216
1307,43.025865512	,131.898397843	,46.248
1308,43.025854906	,131.898371721	,46.354
1309,43.025825110	,131.898392198	,46.587
1310,43.025829148	,131.898396274	,46.570
1311,43.025824444	,131.898397917	,46.691
1312,43.025822649	,131.898362400	,46.605
1313,43.025877475	,131.898357164	,46.395
1314,43.025881254	,131.898356656	,46.039
1315,43.025892175	,131.898359118	,45.891
1316,43.025893632	,131.898353495	,45.857
1317,43.025896310	,131.898352832	,46.023
1318,43.025899449	,131.898314043	,45.653
1319,43.025923501	,131.898320146	,45.232
1320,43.025936822	,131.898320442	,45.202
1321,43.025941545	,131.898313913	,45.099
1322,43.025937010	,131.898310093	,44.947
1323,43.025943857	,131.898303728	,44.633
1324,43.025945794	,131.898252963	,44.292
1325,43.025932434	,131.898235215	,44.450
1326,43.025936585	,131.898215596	,44.338
1327,43.025953872	,131.898228949	,44.306
1328,43.025953177	,131.898217136	,44.074
1329,43.025966914	,131.898203030	,44.126
1330,43.025964031	,131.898222347	,44.109
1331,43.025958240	,131.898169045	,43.766
1332,43.025946683	,131.898166015	,44.139
1333,43.025938298	,131.898124412	,43.615
1334,43.025929910	,131.898148575	,43.893
1335,43.025929278	,131.898151449	,43.981
1336,43.025924259	,131.898144326	,43.999
1337,43.025919257	,131.898150859	,44.063
1338,43.025914817	,131.898139740	,44.146
1339,43.025911271	,131.898151071	,44.176
1340,43.025919428	,131.898167312	,44.329
1341,43.025920272	,131.898174376	,44.550
1342,43.025914294	,131.898164468	,44.301
1343,43.025914756	,131.898168485	,44.422
1344,43.025913215	,131.898171750	,44.483
1345,43.025907989	,131.898139372	,44.098
1346,43.025904799	,131.898131183	,44.098
1347,43.025905990	,131.898126918	,44.024
1348,43.025892270	,131.898090606	,44.202
1349,43.025877069	,131.898130219	,44.392
1350,43.025871478	,131.898122987	,44.574
1351,43.025888535	,131.898166974	,44.662
1352,43.025880374	,131.898175045	,44.771
1353,43.025880537	,131.898178253	,44.832
1354,43.025869374	,131.898196941	,45.349
1355,43.025855953	,131.898196614	,45.259
1356,43.025855922	,131.898204154	,45.313
1357,43.025858469	,131.898214753	,45.476
1358,43.025853082	,131.898221179	,45.613
1359,43.025839668	,131.898226086	,45.835
1360,43.025833615	,131.898263540	,46.137
1361,43.025814826	,131.898286769	,46.424
1362,43.025810843	,131.898300297	,46.487
1363,43.025836418	,131.898306448	,46.161
1364,43.025847853	,131.898277303	,46.036
1365,43.025864906	,131.898316026	,46.027
1366,43.025875995	,131.898271721	,45.674
1367,43.025891447	,131.898252828	,45.176
1368,43.025878552	,131.898239089	,45.380
1369,43.025891276	,131.898225013	,45.018
1370,43.025892990	,131.898219182	,44.994
1371,43.026410087	,131.897920948	,38.760
1372,43.026398882	,131.897912204	,38.766
1373,43.026392076	,131.897902531	,38.576
1374,43.026376104	,131.897907624	,39.168
1375,43.026386274	,131.897783105	,38.562
1376,43.026434989	,131.897774741	,37.358
1377,43.026455913	,131.897684507	,36.860
1378,43.026411764	,131.897682101	,37.519
1379,43.026409667	,131.897635681	,37.376
1380,43.026427713	,131.897598301	,37.028
1381,43.026489488	,131.897625901	,36.581
1382,43.026385645	,131.897565803	,37.802
1383,43.026383230	,131.897576251	,37.325
1384,43.026350897	,131.897644177	,38.129
1385,43.026328212	,131.897639857	,38.124
1386,43.026323673	,131.897637981	,38.504
1387,43.026319028	,131.897643426	,38.415
1388,43.026328508	,131.897654705	,38.642
1389,43.026324289	,131.897650932	,38.482
1390,43.026322267	,131.897655935	,38.592
1391,43.026300748	,131.897667010	,38.837
1392,43.026303333	,131.897671305	,39.111
1393,43.026310499	,131.897698253	,40.050
1394,43.026296353	,131.897685783	,39.749
1395,43.026291514	,131.897681386	,39.528
1396,43.026283649	,131.897681276	,39.649
1397,43.026280897	,131.897686698	,39.880
1398,43.026266298	,131.897707602	,40.329
1399,43.026258848	,131.897702393	,40.012
1400,43.026271572	,131.897681530	,39.808
1401,43.026256532	,131.897686473	,40.138
1402,43.026250940	,131.897700924	,40.593
1403,43.026233795	,131.897713765	,40.616
1404,43.026230107	,131.897716262	,40.396
1405,43.026222310	,131.897710877	,40.613
1406,43.026221386	,131.897705369	,40.282
1407,43.026211502	,131.897706208	,40.310
1408,43.026210021	,131.897708559	,40.567
1409,43.026206879	,131.897700621	,40.451
1410,43.026208575	,131.897692174	,40.478
1411,43.026195621	,131.897668868	,40.771
1412,43.026207051	,131.897663878	,40.368
1413,43.026208369	,131.897634853	,40.134
1414,43.026219991	,131.897601405	,39.894
1415,43.026246469	,131.897641627	,39.248
1416,43.026246426	,131.897643203	,39.446
1417,43.026247966	,131.897640710	,39.265
1418,43.026254035	,131.897645048	,39.282
1419,43.026257406	,131.897656226	,39.457
1420,43.026238337	,131.897657155	,40.057
1421,43.026228965	,131.897657248	,40.283
1422,43.026231641	,131.897682813	,40.592
1423,43.026241645	,131.897675050	,40.555
1424,43.026260964	,131.897675678	,39.936
1425,43.026279933	,131.897670647	,39.481
1426,43.026284569	,131.897661356	,38.904
1427,43.026281985	,131.897654506	,38.890
1428,43.026282471	,131.897635241	,38.884
1429,43.026279165	,131.897619202	,38.962
1430,43.026277216	,131.897614408	,38.544
1431,43.026277623	,131.897618511	,38.673
1432,43.026272868	,131.897598596	,38.602
1433,43.026303437	,131.897618056	,38.195
1434,43.026293244	,131.897637525	,38.690
1435,43.026296622	,131.897643936	,38.680
1436,43.026299679	,131.897645377	,38.656
1437,43.026309523	,131.897648980	,38.609
1438,43.026227463	,131.897556894	,39.475
1439,43.026237042	,131.897543630	,39.017
1440,43.026245952	,131.897538522	,39.244
1441,43.026241487	,131.897545883	,38.818
1442,43.026244893	,131.897542215	,38.728
1443,43.026243445	,131.897548228	,38.768
1444,43.026253845	,131.897531797	,38.505
1445,43.026258233	,131.897526069	,38.551
1446,43.026263024	,131.897526304	,38.396
1447,43.026271321	,131.897528695	,38.471
1448,43.026269320	,131.897508747	,38.324
1449,43.026260747	,131.897499218	,38.335
1450,43.026266159	,131.897510629	,38.455
1451,43.026259679	,131.897523893	,38.438
1452,43.026257924	,131.897512282	,38.540
1453,43.026256095	,131.897502256	,38.478
1454,43.026254863	,131.897499159	,38.524
1455,43.026238247	,131.897503178	,39.068
1456,43.026252375	,131.897478216	,38.516
1457,43.026257392	,131.897475102	,38.909
1458,43.026276732	,131.897422571	,38.195
1459,43.026301424	,131.897468448	,38.236
1460,43.026310526	,131.897471086	,38.689
1461,43.026303429	,131.897483517	,38.341
1462,43.026309546	,131.897486351	,38.696
1463,43.026305549	,131.897490025	,38.323
1464,43.026312839	,131.897497461	,38.489
1465,43.026315860	,131.897499820	,38.686
1466,43.026310860	,131.897510450	,38.036
1467,43.026312237	,131.897511562	,38.016
1468,43.026323401	,131.897530259	,38.164
1469,43.026324427	,131.897536893	,37.947
1470,43.026323263	,131.897514233	,38.185
1471,43.026328148	,131.897539364	,38.162
1472,43.026324462	,131.897547851	,37.931
1473,43.026323201	,131.897555398	,37.796
1474,43.026339616	,131.897558264	,37.645
1475,43.026336983	,131.897548964	,37.925
1476,43.026332993	,131.897536972	,38.294
1477,43.026344509	,131.897552685	,37.717
1478,43.026352720	,131.897545192	,37.433
1479,43.026371842	,131.897527478	,37.318
1480,43.026365538	,131.897523939	,37.330
1481,43.026340656	,131.897521043	,37.731
1482,43.026329976	,131.897502581	,38.252
1483,43.026325342	,131.897500214	,38.610
1484,43.026316953	,131.897477235	,38.789
1485,43.026320067	,131.897475222	,38.645
1486,43.026329255	,131.897473973	,38.203
1487,43.026339658	,131.897480025	,37.944
1488,43.026342050	,131.897480521	,37.893
1489,43.026375893	,131.897468966	,37.206
1490,43.026379108	,131.897465209	,36.967
1491,43.026392371	,131.897485620	,37.429
1492,43.026404507	,131.897486771	,37.109
1493,43.026407339	,131.897488593	,37.115
1494,43.026425455	,131.897509390	,37.299
1495,43.026429113	,131.897511945	,36.756
1496,43.026426561	,131.897519108	,36.622
1497,43.026425129	,131.897520658	,36.697
1498,43.026460614	,131.897556634	,36.746
1499,43.026438952	,131.897471678	,36.036
1500,43.026439097	,131.897476772	,36.534
1501,43.026429202	,131.897478338	,36.754
1502,43.026414091	,131.897470521	,36.466
1503,43.026401323	,131.897460283	,36.559
1504,43.026402075	,131.897445854	,36.059
1505,43.026369989	,131.897438501	,36.224
1506,43.026371171	,131.897456004	,36.929
1507,43.026362001	,131.897454308	,37.034
1508,43.026341915	,131.897447033	,37.237
1509,43.026333194	,131.897443940	,37.009
1510,43.026329561	,131.897445396	,37.336
1511,43.026319382	,131.897446680	,37.760
1512,43.026318849	,131.897443440	,37.645
1513,43.026303769	,131.897442935	,38.207
1514,43.026310253	,131.897433640	,38.002
1515,43.026304063	,131.897423341	,37.955
1516,43.026302311	,131.897423637	,37.970
1517,43.026302242	,131.897389849	,37.821
1518,43.026301520	,131.897386330	,37.750
1519,43.026296947	,131.897379854	,37.956
1520,43.026308564	,131.897349439	,37.726
1521,43.026307457	,131.897374427	,37.439
1522,43.026310291	,131.897371102	,37.355
1523,43.026315948	,131.897374567	,36.782
1524,43.026317900	,131.897380149	,36.737
1525,43.026321243	,131.897378596	,36.606
1526,43.026322114	,131.897382623	,36.624
1527,43.026325467	,131.897395536	,36.709
1528,43.026331531	,131.897402878	,36.418
1529,43.026328793	,131.897406109	,36.689
1530,43.026333797	,131.897427721	,36.657
1531,43.026325414	,131.897344145	,37.080
1532,43.026340955	,131.897323528	,36.556
1533,43.026334991	,131.897309122	,36.861
1534,43.026338573	,131.897284423	,36.897
1535,43.026350014	,131.897280516	,36.628
1536,43.026378663	,131.897267067	,36.318
1537,43.026391347	,131.897275781	,36.295
1538,43.026475929	,131.897304016	,35.669
1539,43.026478838	,131.897299984	,35.854
1540,43.026474156	,131.897279846	,36.060
1541,43.026231558	,131.897357296	,39.025
1542,43.026217328	,131.897326569	,38.952
1543,43.026177250	,131.897360868	,39.383
1544,43.026170826	,131.897381693	,39.882
1545,43.026148483	,131.897453878	,40.098
1546,43.026130129	,131.897398035	,40.141
1547,43.026103992	,131.897366694	,40.041
1548,43.026061163	,131.897426214	,40.952
1549,43.026065266	,131.897410549	,40.897
1550,43.026072103	,131.897386914	,40.550
1551,43.026073326	,131.897374124	,40.408
1552,43.026070885	,131.897368019	,40.392
1553,43.026055770	,131.897379585	,40.579
1554,43.026045308	,131.897378519	,40.687
1555,43.026036407	,131.897380335	,40.873
1556,43.026034006	,131.897378454	,40.782
1557,43.026027502	,131.897376439	,40.802
1558,43.026016856	,131.897364527	,40.824
1559,43.026017389	,131.897351018	,40.839
1560,43.026015675	,131.897350027	,40.911
1561,43.026010056	,131.897351366	,40.918
1562,43.026012192	,131.897345845	,41.044
1563,43.026012738	,131.897342509	,41.104
1564,43.026005094	,131.897337547	,41.039
1565,43.026007939	,131.897329647	,41.008
1566,43.026033790	,131.897331247	,40.542
1567,43.026039618	,131.897358243	,40.583
1568,43.026050400	,131.897357738	,40.476
1569,43.026056004	,131.897345646	,40.589
1570,43.026045031	,131.897348915	,40.510
1571,43.026043116	,131.897344644	,40.478
1572,43.026044881	,131.897337531	,40.509
1573,43.026012403	,131.897296859	,40.979
1574,43.026004409	,131.897295811	,41.297
1575,43.026000101	,131.897297728	,40.863
1576,43.025966038	,131.897235169	,41.090
1577,43.025970082	,131.897228511	,41.123
1578,43.025976251	,131.897230285	,41.035
1579,43.025981810	,131.897238407	,40.986
1580,43.025981955	,131.897246900	,41.028
1581,43.025982673	,131.897242609	,41.006
1582,43.025985088	,131.897242874	,40.979
1583,43.025989294	,131.897245944	,40.922
1584,43.025988458	,131.897237314	,40.915
1585,43.025990165	,131.897221250	,40.903
1586,43.025991056	,131.897229197	,40.887
1587,43.026001098	,131.897235848	,40.842
1588,43.025999960	,131.897244114	,40.776
1589,43.025993022	,131.897255522	,40.843
1590,43.026012716	,131.897258480	,40.828
1591,43.026004067	,131.897237301	,40.900
1592,43.026009513	,131.897225182	,40.681
1593,43.026007834	,131.897217801	,40.668
1594,43.026014353	,131.897218383	,40.652
1595,43.026027225	,131.897218259	,40.621
1596,43.026021157	,131.897251570	,40.557
1597,43.026020477	,131.897261715	,40.671
1598,43.026032539	,131.897231555	,40.436
1599,43.026037045	,131.897224077	,40.347
1600,43.026045371	,131.897220299	,40.270
1601,43.026047181	,131.897212007	,40.318
1602,43.026049406	,131.897203760	,40.194
1603,43.026063291	,131.897191767	,40.123
1604,43.026069651	,131.897186133	,40.045
1605,43.026075559	,131.897188305	,40.082
1606,43.026076570	,131.897165011	,40.048
1607,43.026084761	,131.897155588	,39.939
1608,43.026099105	,131.897166410	,39.735
1609,43.026111366	,131.897138656	,39.614
1610,43.026117307	,131.897143551	,39.781
1611,43.026119372	,131.897139114	,39.519
1612,43.026144442	,131.897134751	,39.261
1613,43.026153303	,131.897127445	,39.200
1614,43.026170644	,131.897153068	,39.124
1615,43.026180238	,131.897140960	,39.154
1616,43.026187297	,131.897152674	,38.914
1617,43.026184194	,131.897157588	,38.939
1618,43.026181265	,131.897160813	,39.130
1619,43.026177941	,131.897163546	,39.401
1620,43.026187319	,131.897173197	,39.026
1621,43.026191129	,131.897192496	,39.180
1622,43.026188651	,131.897197304	,39.593
1623,43.026187944	,131.897208219	,39.029
1624,43.026159769	,131.897258186	,39.304
1625,43.026153662	,131.897282061	,39.526
1626,43.026125738	,131.897300858	,39.751
1627,43.026120018	,131.897334800	,39.916
1628,43.026088429	,131.897347235	,40.150
1629,43.026102573	,131.897296576	,39.844
1630,43.026078501	,131.897284504	,40.078
1631,43.026084471	,131.897290466	,40.014
1632,43.026066373	,131.897303494	,40.235
1633,43.026056661	,131.897284896	,40.473
1634,43.026060343	,131.897273701	,40.452
1635,43.026039444	,131.897279895	,40.384
1636,43.026033474	,131.897286233	,40.564
1637,43.026036430	,131.897276828	,40.493
1638,43.026030604	,131.897273031	,40.510
1639,43.026046759	,131.897266891	,40.332
1640,43.026039251	,131.897265549	,40.435
1641,43.026031908	,131.897254825	,40.578
1642,43.026045440	,131.897246282	,40.283
1643,43.026047798	,131.897261115	,40.297
1644,43.026052970	,131.897246987	,40.172
1645,43.026063211	,131.897253061	,40.103
1646,43.026068774	,131.897244498	,40.276
1647,43.026060924	,131.897229648	,40.097
1648,43.026052603	,131.897225284	,40.206
1649,43.026075898	,131.897246657	,39.999
1650,43.026075222	,131.897222635	,40.227
1651,43.026079674	,131.897211648	,39.918
1652,43.026076968	,131.897206340	,40.030
1653,43.026079830	,131.897205966	,39.918
1654,43.026079681	,131.897194712	,39.952
1655,43.026101797	,131.897200546	,40.025
1656,43.026100032	,131.897176515	,39.945
1657,43.026115105	,131.897178402	,39.578
1658,43.026121510	,131.897197154	,39.560
1659,43.026135317	,131.897203562	,39.446
1660,43.026111065	,131.897230962	,39.936
1661,43.026110196	,131.897233136	,39.661
1662,43.026106189	,131.897231764	,39.857
1663,43.026104968	,131.897218017	,39.811
1664,43.026089874	,131.897241963	,39.869
1665,43.026081864	,131.897234686	,39.903
1666,43.026070551	,131.897275327	,40.334
1667,43.026116186	,131.897272314	,39.607
1668,43.025794269	,131.898549971	,48.156
1669,43.025724376	,131.898608413	,49.928
1670,43.025719270	,131.898609723	,49.921
1671,43.025717358	,131.898607020	,49.852
1672,43.025676622	,131.898620882	,50.940
1673,43.025659638	,131.898639019	,51.673
1674,43.025645115	,131.898715874	,52.071
1675,43.025645890	,131.898710283	,51.978
1676,43.025640246	,131.898709943	,52.274
1677,43.025636379	,131.898717375	,52.322
1678,43.025639449	,131.898720230	,52.231
1679,43.025615129	,131.898691943	,52.796
1680,43.025613299	,131.898684240	,52.645
1681,43.025610694	,131.898683154	,52.647
1682,43.025619806	,131.898679672	,52.673
1683,43.025626579	,131.898681985	,52.380
1684,43.025658173	,131.898583795	,51.268
1685,43.025629008	,131.898550155	,51.918
1686,43.025648579	,131.898514144	,51.121
1687,43.025583292	,131.898482238	,52.436
1688,43.025572057	,131.898485690	,52.791
1689,43.025545877	,131.898469006	,53.410
1690,43.025704275	,131.898454894	,49.153
1691,43.025700790	,131.898459043	,49.429
1692,43.025699116	,131.898453814	,49.405
1693,43.025737171	,131.898448496	,48.573
1694,43.025759663	,131.898520857	,48.546
1695,43.025737799	,131.898524708	,49.010
1696,43.025730771	,131.898527621	,49.118
1697,43.025728143	,131.898528034	,49.208
1698,43.025726857	,131.898530782	,49.305
1699,43.025726389	,131.898535386	,49.427
1700,43.025732247	,131.898535438	,49.142
1701,43.025702102	,131.898396604	,48.859
1702,43.025700513	,131.898400732	,48.940
1703,43.025700271	,131.898403787	,48.881
1704,43.025695260	,131.898402234	,49.045
1705,43.025693781	,131.898398941	,49.061
1706,43.025694573	,131.898398381	,49.084
1707,43.025693799	,131.898395084	,49.081
1708,43.025697373	,131.898394599	,49.204
1709,43.025700512	,131.898341639	,48.500
1710,43.025701549	,131.898334462	,48.345
1711,43.025704286	,131.898342208	,48.341
1712,43.025738500	,131.898280731	,47.517
1713,43.025744771	,131.898216141	,47.240
1714,43.025742880	,131.898223844	,47.295
1715,43.025736305	,131.898226747	,47.392
1716,43.025730061	,131.898218489	,47.324
1717,43.025734267	,131.898212049	,47.508
1718,43.025641838	,131.898345794	,49.920
1719,43.025553548	,131.898369408	,52.605
1720,43.025528093	,131.898314749	,52.789
1721,43.025526004	,131.898318242	,52.911
1722,43.025530989	,131.898310819	,52.705
1723,43.025507428	,131.898259597	,53.021
1724,43.025503870	,131.898254776	,53.160
1725,43.025504809	,131.898252385	,53.100
1726,43.025506153	,131.898250100	,53.268
1727,43.025489139	,131.898201463	,53.240
1728,43.025504204	,131.898198683	,52.628
1729,43.025504782	,131.898188580	,52.546
1730,43.025512130	,131.898199766	,52.488
1731,43.025498751	,131.898139403	,52.290
1732,43.025497495	,131.898081291	,51.557
1733,43.025469775	,131.898096120	,52.633
1734,43.025485684	,131.898171214	,53.015
1735,43.025481406	,131.898167527	,53.167
1736,43.025453409	,131.897965408	,51.665
1737,43.025446260	,131.897934310	,51.471
1738,43.025404962	,131.897901303	,52.811
1739,43.025408675	,131.897902265	,52.319
1740,43.025408422	,131.897907832	,52.402
1741,43.025451711	,131.897840032	,50.341
1742,43.025383590	,131.897780082	,51.715
1743,43.025421146	,131.897721168	,50.570
1744,43.025419015	,131.897717880	,50.659
1745,43.025423623	,131.897716620	,50.486
1746,43.025405343	,131.897590546	,50.456
1747,43.025402095	,131.897595739	,50.860
1748,43.025406770	,131.897561956	,50.392
1749,43.025409134	,131.897561085	,50.922
1750,43.025412733	,131.897555004	,50.277
1751,43.025386509	,131.897520420	,50.473
1752,43.025384244	,131.897516588	,50.575
1753,43.025385412	,131.897525482	,50.441
1754,43.025380905	,131.897522555	,50.638
1755,43.025380357	,131.897518199	,50.680
1756,43.025355342	,131.897571926	,51.200
1757,43.025343175	,131.897385475	,50.799
1758,43.025292412	,131.897313457	,51.448
1759,43.025188227	,131.897275657	,54.522
1760,43.025209379	,131.897249749	,53.814
1761,43.025211498	,131.897242572	,53.401
1762,43.025212060	,131.897202990	,52.605
1763,43.025262283	,131.896998750	,49.990
1764,43.025260400	,131.896986357	,50.051
1765,43.025233909	,131.896826319	,50.639
1766,43.025156754	,131.896330167	,50.100
1767,43.025115567	,131.896264781	,52.209
1768,43.025127743	,131.896255778	,51.231
1769,43.025127336	,131.896257654	,51.098
1770,43.025119383	,131.896255099	,51.902
1771,43.025122792	,131.896255401	,51.559
1772,43.025120768	,131.896256984	,51.714
1773,43.025252951	,131.895833821	,48.004
1774,43.025247654	,131.895831421	,48.038
1775,43.025247423	,131.895825423	,47.945
1776,43.025251076	,131.895826617	,48.049
1777,43.025249930	,131.895823323	,47.895
1778,43.025251829	,131.895822950	,47.887
1779,43.025324123	,131.895725525	,46.755
1780,43.025325259	,131.895719441	,46.564
1781,43.025321085	,131.895723334	,46.633
1782,43.025320469	,131.895710576	,46.775
1783,43.025337530	,131.895682534	,46.978
1784,43.025355970	,131.895662634	,46.163
1785,43.025353305	,131.895656238	,46.274
1786,43.025350742	,131.895656379	,46.173
1787,43.025349790	,131.895659904	,46.245
1788,43.025350613	,131.895664162	,46.212
1789,43.025350522	,131.895660997	,46.253
1790,43.025382654	,131.895647665	,45.637
1791,43.025380719	,131.895569250	,45.632
1792,43.025386439	,131.895565547	,45.540
1793,43.025335661	,131.895529744	,46.211
1794,43.025230287	,131.895440241	,47.323
1795,43.025178477	,131.895448709	,48.199
1796,43.025181360	,131.895435752	,48.099
1797,43.025147664	,131.895378657	,48.663
1798,43.025160572	,131.895298219	,48.726
1799,43.025126746	,131.895267976	,49.242
1800,43.025128346	,131.895268198	,49.745
1801,43.025135011	,131.895208238	,49.953
1802,43.025167556	,131.895185449	,49.288
1803,43.025281121	,131.896995042	,49.596
1804,43.025308042	,131.897023045	,49.415
1805,43.025316748	,131.897092972	,49.760
1806,43.025304042	,131.897162087	,50.256
1807,43.025289986	,131.897195547	,50.798
1808,43.025290903	,131.897189366	,50.415
1809,43.025295010	,131.897188558	,50.302
1810,43.025293694	,131.897190704	,51.170
1811,43.025295521	,131.897191454	,50.421
1812,43.025296031	,131.897193500	,50.397
1813,43.025294880	,131.897198071	,50.492
1814,43.025340411	,131.897206073	,50.221
1815,43.025389241	,131.897152251	,49.800
1816,43.025349763	,131.897264068	,50.288
1817,43.025373488	,131.897318012	,50.298
1818,43.025377370	,131.897307152	,50.012
1819,43.025378497	,131.897318884	,50.049
1820,43.025472926	,131.897276687	,48.473
1821,43.025472589	,131.897284966	,48.458
1822,43.025478350	,131.897284470	,48.201
1823,43.025509198	,131.897332448	,48.062
1824,43.025509360	,131.897336646	,48.184
1825,43.025504604	,131.897341259	,48.178
1826,43.025473072	,131.897361511	,48.366
1827,43.025471574	,131.897365925	,48.519
1828,43.025467913	,131.897360483	,48.716
1829,43.025415071	,131.897413680	,49.524
1830,43.025416440	,131.897422362	,49.570
1831,43.025393621	,131.897417551	,49.957
1832,43.025414682	,131.897496275	,49.929
1833,43.025419461	,131.897493653	,49.762
1834,43.025485712	,131.897405898	,48.377
1835,43.025478854	,131.897456916	,48.543
1836,43.025494151	,131.897463022	,48.357
1837,43.025539564	,131.897440250	,47.552
1838,43.025613465	,131.897460611	,46.680
1839,43.025618828	,131.897522107	,46.430
1840,43.025624637	,131.897530421	,46.304
1841,43.025618158	,131.897533061	,46.352
1842,43.025567705	,131.897489796	,47.093
1843,43.025573118	,131.897529156	,47.030
1844,43.025460083	,131.897548703	,49.249
1845,43.025454653	,131.897555301	,49.560
1846,43.025448449	,131.897582090	,49.763
1847,43.025480084	,131.897592504	,49.187
1848,43.025482114	,131.897600773	,49.100
1849,43.025461107	,131.897696009	,49.699
1850,43.025464639	,131.897695185	,49.624
1851,43.025462742	,131.897696406	,49.695
1852,43.025461702	,131.897698206	,49.737
1853,43.025466770	,131.897700717	,49.662
1854,43.025463461	,131.897702616	,49.701
1855,43.025459225	,131.897734690	,49.680
1856,43.025495179	,131.897765356	,49.037
1857,43.025529345	,131.897752594	,48.343
1858,43.025535202	,131.897757481	,48.230
1859,43.025537189	,131.897752120	,48.288
1860,43.025534151	,131.897749243	,48.221
1861,43.025535087	,131.897683621	,48.290
1862,43.025539847	,131.897621187	,48.045
1863,43.025615328	,131.897633806	,46.787
1864,43.025586453	,131.897686266	,47.201
1865,43.025657886	,131.897691729	,46.083
1866,43.025644873	,131.897732415	,46.270
1867,43.025588452	,131.897762729	,47.344
1868,43.025578510	,131.897761182	,47.557
1869,43.025578900	,131.897781870	,47.561
1870,43.025572440	,131.897814256	,48.045
1871,43.025569504	,131.897813266	,47.797
1872,43.025574463	,131.897807856	,47.702
1873,43.025577780	,131.897813325	,47.584
1874,43.025689914	,131.897788351	,46.098
1875,43.025681690	,131.897801940	,46.029
1876,43.025716463	,131.897839066	,45.419
1877,43.025647619	,131.897837762	,46.434
1878,43.025620097	,131.897843451	,46.960
1879,43.025509818	,131.897870211	,49.089
1880,43.025509137	,131.897948426	,49.629
1881,43.025502617	,131.897923603	,49.579
1882,43.025515510	,131.898045012	,50.536
1883,43.025516513	,131.898047539	,50.500
1884,43.025518713	,131.898045766	,50.502
1885,43.025525498	,131.898045765	,50.285
1886,43.025564757	,131.898046014	,49.249
1887,43.025572605	,131.897979660	,48.369
1888,43.025571995	,131.897977466	,48.381
1889,43.025598232	,131.897960426	,47.854
1890,43.025624557	,131.897938698	,47.074
1891,43.025654134	,131.897956387	,47.217
1892,43.025689308	,131.898019210	,46.401
1893,43.025738795	,131.898043123	,45.963
1894,43.025646570	,131.898097695	,47.826
1895,43.025649523	,131.898110712	,47.754
1896,43.025615146	,131.898091668	,48.453
1897,43.025613843	,131.898080081	,48.341
1898,43.025611127	,131.898043313	,48.346
1899,43.025570424	,131.898078316	,49.415
1900,43.025588638	,131.898102331	,49.298
1901,43.025601200	,131.898145896	,49.496
1902,43.025585813	,131.898146729	,49.664
1903,43.025596623	,131.898157091	,49.493
1904,43.025593146	,131.898162744	,49.774
1905,43.025580448	,131.898183353	,50.275
1906,43.025574208	,131.898175527	,50.367
1907,43.025573026	,131.898181846	,50.505
1908,43.025567950	,131.898242453	,51.083
1909,43.025596962	,131.898309166	,50.799
1910,43.025570628	,131.898346619	,51.765
1911,43.026383870	,131.897508071	,37.141
base_2,43.374446809	,132.230079906	,79.575
1912,43.026518883	,131.895880418	,36.179
1913,43.026505441	,131.895928047	,34.812
1914,43.026495420	,131.895943701	,34.499
1915,43.026507589	,131.895943362	,34.503
1916,43.026514725	,131.895937405	,34.646
1917,43.026518020	,131.895932590	,34.855
1918,43.026512164	,131.895945196	,34.494
1919,43.026515849	,131.895957477	,34.327
1920,43.026522883	,131.895956516	,34.425
1921,43.026524920	,131.895951530	,34.449
1922,43.026532749	,131.895936872	,34.829
1923,43.026538688	,131.895923160	,35.296
1924,43.026554688	,131.895925065	,35.318
1925,43.026540685	,131.895949722	,34.586
1926,43.026536748	,131.895959806	,34.292
1927,43.026551470	,131.895970408	,34.369
1928,43.026554318	,131.895980659	,34.089
1929,43.026558426	,131.895989532	,34.127
1930,43.026560687	,131.895986396	,34.012
1931,43.026573424	,131.895988707	,34.114
1932,43.026575265	,131.895979670	,34.152
1933,43.026571841	,131.895961451	,34.556
1934,43.026580348	,131.895964934	,34.440
1935,43.026578891	,131.895987643	,34.250
1936,43.026596921	,131.895986753	,34.300
1937,43.026600917	,131.895965606	,34.549
1938,43.026602265	,131.895935949	,35.264
1939,43.026615181	,131.895933967	,35.427
1940,43.026622538	,131.895920556	,36.116
1941,43.026623738	,131.895857669	,37.799
1942,43.026653240	,131.895888959	,37.007
1943,43.026645957	,131.895920080	,36.228
1944,43.026634413	,131.895957677	,35.122
1945,43.026637466	,131.895972631	,34.751
1946,43.026625793	,131.895974092	,34.602
1947,43.026631091	,131.895996501	,34.163
1948,43.026604132	,131.895996823	,34.024
1949,43.026612494	,131.896012940	,33.940
1950,43.026623481	,131.896013273	,33.956
1951,43.026628000	,131.896006986	,34.092
1952,43.026630524	,131.895996998	,34.167
1953,43.026638914	,131.895995071	,34.201
1954,43.026641394	,131.895999297	,34.193
1955,43.026639492	,131.896026841	,33.888
1956,43.026642262	,131.896037197	,33.705
1957,43.026647415	,131.896040569	,33.677
1958,43.026650832	,131.896038388	,33.694
1959,43.026657219	,131.896022657	,33.912
1960,43.026660450	,131.896019277	,33.965
1961,43.026656808	,131.896003008	,34.227
1962,43.026661700	,131.895991953	,34.544
1963,43.026661361	,131.895963056	,35.309
1964,43.026664417	,131.895940021	,35.956
1965,43.026662909	,131.895934414	,36.011
1966,43.026667991	,131.895923418	,36.775
1967,43.026655535	,131.895890290	,37.052
1968,43.026685522	,131.895876440	,37.887
1969,43.026709021	,131.895838629	,39.161
1970,43.026694989	,131.895878075	,37.856
1971,43.026704181	,131.895880124	,37.971
1972,43.026716863	,131.895873646	,38.402
1973,43.026719011	,131.895893205	,37.809
1974,43.026702770	,131.895896771	,37.561
1975,43.026698137	,131.895909526	,37.214
1976,43.026690064	,131.895915742	,36.960
1977,43.026695048	,131.895921147	,36.867
1978,43.026699900	,131.895930715	,36.710
1979,43.026692652	,131.895949587	,36.126
1980,43.026681333	,131.895979900	,35.121
1981,43.026680608	,131.895985595	,34.845
1982,43.026674860	,131.896009329	,34.150
1983,43.026674784	,131.896024411	,33.922
1984,43.026670125	,131.896035989	,33.648
1985,43.026672000	,131.896057964	,33.337
1986,43.026679187	,131.896047072	,33.658
1987,43.026681113	,131.896050763	,33.649
1988,43.026686724	,131.896058802	,33.577
1989,43.026691783	,131.896007300	,34.376
1990,43.026686422	,131.895992762	,34.655
1991,43.026689013	,131.895990071	,34.787
1992,43.026693447	,131.895984543	,35.124
1993,43.026695261	,131.895984192	,35.211
1994,43.026704242	,131.895984930	,35.310
1995,43.026717015	,131.895971598	,36.305
1996,43.026709206	,131.895948747	,36.373
1997,43.026712991	,131.895926781	,36.977
1998,43.026719962	,131.895935993	,36.920
1999,43.026733741	,131.895955021	,36.812
2000,43.026738593	,131.895951229	,36.715
2001,43.026779027	,131.895898778	,38.538
2002,43.026800666	,131.895910881	,38.713
2003,43.026783630	,131.895952254	,37.485
2004,43.026728946	,131.895982125	,35.663
2005,43.026701535	,131.896017017	,34.478
2006,43.026721117	,131.895995670	,35.150
2007,43.026727871	,131.896000028	,35.194
2008,43.026736495	,131.896005727	,35.310
2009,43.026748260	,131.895997777	,35.668
2010,43.026766358	,131.896002817	,36.211
2011,43.026800814	,131.895957231	,37.438
2012,43.026847447	,131.895950214	,38.142
2013,43.026849428	,131.896017253	,37.107
2014,43.026833478	,131.896049362	,35.904
2015,43.026789899	,131.896047152	,35.367
2016,43.026778726	,131.896063439	,34.784
2017,43.026737577	,131.896041434	,34.506
2018,43.026723444	,131.896057101	,33.768
2019,43.026719999	,131.896059349	,33.690
2020,43.026722596	,131.896063268	,33.637
2021,43.026729595	,131.896072277	,33.648
2022,43.026736609	,131.896072147	,33.830
2023,43.026739814	,131.896064755	,34.150
2024,43.026748593	,131.896075080	,34.124
2025,43.026741460	,131.896079879	,33.880
2026,43.026741817	,131.896084506	,33.798
2027,43.026733794	,131.896105496	,33.221
2028,43.026738571	,131.896115343	,33.168
2029,43.026743278	,131.896109026	,33.372
2030,43.026750007	,131.896075474	,33.723
2031,43.026752057	,131.896078774	,34.051
2032,43.026752821	,131.896083443	,33.948
2033,43.026793836	,131.896077859	,34.692
2034,43.026765251	,131.896100023	,33.944
2035,43.026759332	,131.896105482	,33.693
2036,43.026755806	,131.896106072	,33.649
2037,43.026748046	,131.896119293	,33.266
2038,43.026747424	,131.896136203	,33.287
2039,43.026758990	,131.896146057	,33.191
2040,43.026763209	,131.896141117	,33.230
2041,43.026772318	,131.896136221	,33.265
2042,43.026767816	,131.896146203	,33.074
2043,43.026770277	,131.896151245	,33.228
2044,43.026774436	,131.896150082	,33.307
2045,43.026757442	,131.896168540	,33.272
2046,43.026753604	,131.896170490	,33.194
2047,43.026760420	,131.896173023	,33.155
2048,43.026763593	,131.896170961	,33.154
2049,43.026768154	,131.896169621	,33.234
2050,43.026772657	,131.896172582	,33.163
2051,43.026775001	,131.896179549	,33.188
2052,43.026775100	,131.896185520	,33.099
2053,43.026778572	,131.896191052	,33.098
2054,43.026785494	,131.896194961	,33.112
2055,43.026789780	,131.896194651	,33.140
2056,43.026794224	,131.896188942	,33.169
2057,43.026790827	,131.896183316	,33.093
2058,43.026790154	,131.896174471	,33.120
2059,43.026789660	,131.896162164	,33.276
2060,43.026785737	,131.896143052	,33.318
2061,43.026795016	,131.896119300	,33.736
2062,43.026786917	,131.896114263	,33.797
2063,43.026794678	,131.896111332	,33.858
2064,43.026802796	,131.896103938	,34.213
2065,43.026806256	,131.896107529	,34.234
2066,43.026826320	,131.896087514	,34.847
2067,43.026829766	,131.896081872	,35.108
2068,43.026851707	,131.896068482	,35.841
2069,43.026821449	,131.896109296	,34.254
2070,43.026818785	,131.896106113	,34.319
2071,43.026807370	,131.896123870	,33.749
2072,43.026808039	,131.896141985	,33.475
2073,43.026803719	,131.896150323	,33.271
2074,43.026804438	,131.896185438	,33.172
2075,43.026801639	,131.896175886	,33.098
2076,43.026814590	,131.896175814	,32.996
2077,43.026818705	,131.896170025	,33.163
2078,43.026811803	,131.896154228	,33.353
2079,43.026815118	,131.896162947	,33.269
2080,43.026817777	,131.896157241	,33.334
2081,43.026815568	,131.896153618	,33.373
2082,43.026825254	,131.896125065	,33.971
2083,43.026832970	,131.896130348	,34.094
2084,43.026893621	,131.896042333	,37.175
2085,43.026882566	,131.896083232	,35.839
2086,43.026877269	,131.896132223	,34.688
2087,43.026881622	,131.896141455	,34.427
2088,43.026869636	,131.896150529	,34.009
2089,43.026874462	,131.896151804	,34.037
2090,43.026851134	,131.896159357	,33.651
2091,43.026837647	,131.896182969	,33.050
2092,43.026865575	,131.896228787	,33.214
2093,43.026871717	,131.896230081	,33.016
2094,43.026871219	,131.896239505	,32.952
2095,43.026875432	,131.896254860	,32.890
2096,43.026876079	,131.896240555	,32.937
2097,43.026879177	,131.896238839	,33.050
2098,43.026883906	,131.896244858	,32.964
2099,43.026885098	,131.896248777	,32.898
2100,43.026884871	,131.896242240	,32.942
2101,43.026871707	,131.896209773	,33.056
2102,43.026870911	,131.896204802	,33.083
2103,43.026874001	,131.896204739	,33.209
2104,43.026880597	,131.896199424	,33.194
2105,43.026874502	,131.896197931	,33.194
2106,43.026870866	,131.896187990	,33.140
2107,43.026870509	,131.896184600	,33.249
2108,43.026879114	,131.896170330	,33.580
2109,43.026891138	,131.896152906	,34.093
2110,43.026891336	,131.896149807	,34.466
2111,43.026903572	,131.896148067	,34.464
2112,43.026937457	,131.896111472	,35.927
2113,43.026951340	,131.896157864	,35.029
2114,43.026945381	,131.896184093	,34.096
2115,43.026921734	,131.896180823	,33.828
2116,43.026905538	,131.896177239	,33.773
2117,43.026901958	,131.896172594	,33.866
2118,43.026902863	,131.896208886	,33.970
2119,43.026907149	,131.896209338	,34.145
2120,43.026911568	,131.896203840	,33.469
2121,43.026911779	,131.896224141	,33.119
2122,43.026915624	,131.896251031	,32.929
2123,43.026928272	,131.896229851	,33.213
2124,43.026951959	,131.896293546	,33.021
2125,43.026949563	,131.896319193	,32.828
2126,43.026991155	,131.896368547	,33.212
2127,43.027011008	,131.896276905	,33.685
2128,43.027019867	,131.896234306	,34.538
2129,43.027015301	,131.896209460	,34.551
2130,43.027013314	,131.896204375	,34.956
2131,43.027056481	,131.896189246	,35.423
2132,43.027058642	,131.896219011	,35.023
2133,43.027066156	,131.896247760	,34.855
2134,43.027080811	,131.896270532	,34.739
2135,43.027018894	,131.896422323	,33.188
2136,43.027025167	,131.896478947	,32.846
2137,43.027053076	,131.896537232	,32.525
2138,43.027056454	,131.896535099	,32.567
2139,43.027058703	,131.896537829	,32.580
2140,43.027057981	,131.896541466	,32.601
2141,43.027070762	,131.896549903	,32.528
2142,43.027066107	,131.896584605	,32.561
2143,43.027063053	,131.896592606	,32.445
2144,43.027067495	,131.896595402	,32.449
2145,43.027068841	,131.896591974	,32.481
2146,43.027082761	,131.896590152	,32.582
2147,43.027080620	,131.896596571	,32.448
2148,43.027083171	,131.896606519	,32.458
2149,43.027092296	,131.896594715	,32.569
2150,43.027085183	,131.896588780	,32.601
2151,43.027113944	,131.896587432	,32.927
2152,43.027115181	,131.896580482	,32.642
2153,43.027130433	,131.896581615	,33.124
2154,43.027125163	,131.896618302	,32.665
2155,43.027126881	,131.896645086	,32.594
2156,43.027149466	,131.896618696	,32.808
2157,43.027162860	,131.896601091	,33.011
2158,43.027174775	,131.896627338	,32.889
2159,43.027168870	,131.896647014	,32.727
2160,43.027153077	,131.896500581	,33.940
2161,43.027131254	,131.896499623	,33.485
2162,43.027119196	,131.896473481	,33.579
2163,43.027115681	,131.896473577	,33.547
2164,43.027109995	,131.896473527	,33.541
2165,43.027129029	,131.896455127	,33.796
2166,43.027104547	,131.896421178	,33.911
2167,43.027101033	,131.896422819	,33.826
2168,43.027095841	,131.896429204	,33.651
2169,43.027090770	,131.896428032	,33.557
2170,43.027087103	,131.896424971	,33.603
2171,43.027076579	,131.896414544	,33.453
2172,43.027099158	,131.896417847	,33.781
2173,43.027095973	,131.896412691	,33.749
2174,43.027088656	,131.896417593	,33.663
2175,43.027086811	,131.896411563	,33.643
2176,43.027089312	,131.896400058	,33.922
2177,43.027088504	,131.896395845	,33.854
2178,43.027080003	,131.896404201	,33.714
2179,43.027072338	,131.896407643	,33.509
2180,43.027075281	,131.896393649	,33.670
2181,43.027068575	,131.896405280	,33.468
2182,43.027065286	,131.896403335	,33.432
2183,43.027065072	,131.896399943	,33.412
2184,43.027058000	,131.896394489	,33.338
2185,43.027059092	,131.896391318	,33.343
2186,43.027057658	,131.896387372	,33.381
2187,43.027061487	,131.896387658	,33.431
2188,43.027066932	,131.896388360	,33.583
2189,43.027070163	,131.896387413	,33.708
2190,43.027072425	,131.896374746	,33.714
2191,43.027065040	,131.896368813	,33.618
2192,43.027073492	,131.896368469	,33.839
2193,43.027069137	,131.896366903	,33.744
2194,43.027056646	,131.896364541	,33.490
2195,43.027062380	,131.896361125	,33.606
2196,43.027061365	,131.896359427	,33.688
2197,43.027050461	,131.896357828	,33.684
2198,43.027048072	,131.896356951	,33.473
2199,43.027046471	,131.896340589	,33.722
2200,43.027047308	,131.896344094	,33.636
2201,43.027067000	,131.896356799	,33.883
2202,43.027066792	,131.896354235	,33.829
2203,43.027069648	,131.896349831	,33.988
2204,43.027069958	,131.896343176	,34.019
2205,43.027079043	,131.896345609	,34.226
2206,43.027078737	,131.896361875	,34.040
2207,43.027086821	,131.896349913	,34.235
2208,43.027090460	,131.896346420	,34.315
2209,43.027081043	,131.896368320	,34.031
2210,43.027091336	,131.896369843	,34.214
2211,43.027083627	,131.896374605	,34.004
2212,43.027095982	,131.896355357	,34.257
2213,43.027113981	,131.896353822	,34.375
2214,43.027114282	,131.896337961	,34.622
2215,43.027135620	,131.896307969	,34.924
2216,43.027136349	,131.896185368	,35.975
2217,43.027140588	,131.896182880	,36.162
2218,43.027143325	,131.896181452	,36.363
2219,43.027189645	,131.896250164	,36.544
2220,43.027178996	,131.896342730	,35.052
2221,43.027181241	,131.896353960	,34.891
2222,43.027206415	,131.896382009	,35.016
2223,43.027256907	,131.896333994	,36.248
2224,43.027271177	,131.896345909	,36.106
2225,43.027254032	,131.896417247	,35.100
2226,43.027255054	,131.896422991	,35.045
2227,43.027252728	,131.896425248	,35.011
2228,43.027255243	,131.896427043	,35.040
2229,43.027250609	,131.896433154	,34.961
2230,43.027244314	,131.896429249	,34.969
2231,43.027238832	,131.896433565	,34.784
2232,43.027238335	,131.896436908	,34.863
2233,43.027257987	,131.896468958	,34.771
2234,43.027259860	,131.896477411	,34.711
2235,43.027277776	,131.896482709	,34.766
2236,43.027276032	,131.896451509	,34.878
2237,43.027280890	,131.896442246	,35.016
2238,43.027296372	,131.896423445	,35.351
2239,43.027306963	,131.896402834	,35.831
2240,43.027298285	,131.896467168	,35.005
2241,43.027299286	,131.896477089	,34.920
2242,43.027290190	,131.896491611	,34.855
2243,43.027311637	,131.896517203	,34.788
2244,43.027424396	,131.896524093	,35.247
2245,43.027258668	,131.896713774	,33.151
2246,43.027601707	,131.896781756	,34.375
2247,43.027639279	,131.896775624	,34.600
2248,43.027634862	,131.896826018	,33.978
2249,43.027629025	,131.897016274	,32.270
2250,43.027704270	,131.897043936	,32.596
2251,43.027829298	,131.896893808	,34.181
2252,43.027863813	,131.896905467	,34.375
2253,43.027979946	,131.897008242	,33.678
2254,43.027992784	,131.897011481	,33.683
2255,43.028102083	,131.897258508	,32.273
2256,43.028115890	,131.897232561	,32.415
2257,43.028136673	,131.897243867	,32.442
2258,43.028286413	,131.897217995	,33.456
2259,43.028579013	,131.897444408	,31.737
2260,43.028556011	,131.897492291	,31.269
2261,43.028595057	,131.897498690	,31.251
2262,43.029056593	,131.897574978	,29.721
2263,43.029015903	,131.897578306	,29.773
2264,43.028977807	,131.897579756	,29.773
2265,43.028914013	,131.897585832	,29.972
2266,43.028695568	,131.897598974	,30.585
2267,43.028606509	,131.897607291	,30.687
2268,43.028565289	,131.897609361	,30.729
2269,43.028529073	,131.897612651	,30.896
2270,43.028490589	,131.897613951	,30.994
2271,43.028416595	,131.897620864	,31.279
2272,43.028337986	,131.897623937	,31.570
2273,43.028300401	,131.897628973	,31.610
2274,43.028130912	,131.897583596	,31.938
2275,43.028141352	,131.897571947	,31.916
2276,43.028129838	,131.897572304	,31.986
2277,43.028087929	,131.897548612	,31.860
2278,43.028018769	,131.897482743	,32.787
2279,43.027981296	,131.897499880	,32.833
2280,43.027966040	,131.897488636	,32.622
2281,43.027964623	,131.897475062	,32.954
2282,43.027958902	,131.897491325	,32.579
2283,43.027935369	,131.897469470	,32.861
2284,43.027927007	,131.897476851	,33.327
2285,43.027910654	,131.897430427	,33.318
2286,43.027893195	,131.897412373	,33.226
2287,43.027894688	,131.897419175	,33.331
2288,43.027888890	,131.897426153	,33.376
2289,43.027886276	,131.897486988	,32.508
2290,43.027847091	,131.897485227	,32.564
2291,43.027803464	,131.897473125	,32.411
2292,43.027821646	,131.897452805	,32.805
2293,43.027823347	,131.897453321	,32.833
2294,43.027825411	,131.897438703	,33.092
2295,43.027848915	,131.897442802	,33.092
2296,43.027729671	,131.897223414	,32.584
2297,43.027757455	,131.897244340	,32.392
2298,43.027787738	,131.897395374	,33.261
2299,43.027723270	,131.897359732	,33.004
2300,43.027693442	,131.897302455	,32.974
2301,43.027676770	,131.897343058	,32.921
2302,43.027670337	,131.897287793	,32.936
2303,43.027673608	,131.897208027	,32.632
2304,43.027694817	,131.897164288	,32.022
2305,43.027675070	,131.897168064	,32.364
2306,43.027650977	,131.897166627	,32.509
2307,43.027644240	,131.897197161	,32.811
2308,43.027629483	,131.897156930	,32.685
2309,43.027612464	,131.897181604	,32.920
2310,43.027624296	,131.897213926	,32.865
2311,43.027578144	,131.897195125	,33.125
2312,43.027604033	,131.897151549	,32.802
2313,43.027630923	,131.897116403	,31.876
2314,43.027582869	,131.897142468	,32.936
2315,43.027550311	,131.897148966	,33.086
2316,43.027541260	,131.897191762	,33.212
2317,43.027529034	,131.897155775	,33.210
2318,43.027505449	,131.897186162	,33.377
2319,43.027479467	,131.897162751	,33.382
2320,43.027434729	,131.897157944	,33.492
2321,43.027421371	,131.897186953	,33.626
2322,43.027384524	,131.897195415	,33.714
2323,43.027353571	,131.897177974	,33.765
2324,43.027330936	,131.897202447	,33.900
2325,43.027275061	,131.897317936	,34.171
2326,43.027350322	,131.897325218	,34.004
2327,43.027385993	,131.897331777	,34.073
2328,43.027390838	,131.897337473	,34.036
2329,43.027423710	,131.897340249	,33.939
2330,43.027455504	,131.897345021	,33.776
2331,43.027403638	,131.897279461	,33.934
2332,43.027436536	,131.897263225	,33.796
2333,43.027470032	,131.897266190	,33.741
2334,43.027499376	,131.897293370	,33.646
2335,43.027517533	,131.897249041	,33.583
2336,43.027520703	,131.897281797	,33.568
2337,43.027550919	,131.897268165	,33.375
2338,43.027581255	,131.897261334	,33.304
2339,43.027593827	,131.897281005	,33.242
2340,43.027621949	,131.897272162	,33.023
2341,43.027597094	,131.897306719	,33.086
2342,43.027564639	,131.897339835	,33.235
2343,43.027565617	,131.897334201	,33.218
2344,43.027560928	,131.897329341	,33.342
2345,43.027543537	,131.897380928	,33.495
2346,43.027499111	,131.897390404	,33.709
2347,43.027521232	,131.897432629	,33.531
2348,43.027492823	,131.897459712	,33.656
2349,43.027482745	,131.897496130	,33.904
2350,43.027502136	,131.897492149	,33.495
2351,43.027504179	,131.897498966	,33.510
2352,43.027481384	,131.897513979	,33.742
2353,43.027529786	,131.897671744	,33.683
2354,43.027682293	,131.897662180	,33.275
2355,43.027751771	,131.897559795	,32.320
2356,43.027189851	,131.897284119	,34.014
2357,43.027093771	,131.897263768	,34.188
2358,43.027047975	,131.897276541	,34.311
2359,43.026999532	,131.897288192	,34.497
2360,43.026953609	,131.897303688	,34.480
2361,43.026952751	,131.897312982	,34.503
2362,43.026868609	,131.897388481	,34.725
2363,43.026830223	,131.897434985	,34.975
2364,43.026830170	,131.897425429	,34.924
2365,43.026802917	,131.897472996	,35.241
2366,43.026765657	,131.896935428	,34.128
2367,43.027419844	,131.896988588	,32.342
2368,43.027330820	,131.896950852	,32.647
2369,43.027292783	,131.896930162	,32.740
2370,43.027303666	,131.896911934	,32.313
2371,43.027238867	,131.896859016	,32.333
2372,43.027164191	,131.896810990	,32.460
2373,43.027160344	,131.896836242	,32.934
2374,43.027151770	,131.896846882	,33.019
2375,43.027145305	,131.896796543	,32.615
2376,43.027107672	,131.896788586	,32.948
2377,43.027096779	,131.896792375	,33.080
2378,43.027054763	,131.896770945	,33.155
2379,43.027062153	,131.896757215	,33.067
2380,43.027054539	,131.896727976	,32.766
2381,43.027013699	,131.896719795	,33.201
2382,43.027003089	,131.896708646	,33.098
2383,43.026968510	,131.896676765	,33.215
2384,43.026993717	,131.896652027	,32.595
2385,43.026986010	,131.896631213	,32.462
2386,43.027008602	,131.896578336	,32.527
2387,43.026976499	,131.896600178	,32.674
2388,43.026957526	,131.896557090	,32.496
2389,43.026922957	,131.896640328	,33.236
2390,43.026891656	,131.896611095	,33.126
2391,43.026891222	,131.896626756	,33.313
2392,43.026881772	,131.896620995	,33.198
2393,43.026851985	,131.896639595	,33.274
2394,43.026844178	,131.896649084	,33.330
2395,43.026843380	,131.896636959	,33.300
2396,43.026765306	,131.896644691	,32.766
2397,43.026759480	,131.896635632	,32.815
2398,43.026809828	,131.896602387	,32.576
2399,43.026817193	,131.896601652	,32.747
2400,43.026833483	,131.896592835	,32.730
2401,43.026827742	,131.896598711	,32.744
2402,43.026845466	,131.896576739	,32.768
2403,43.026874613	,131.896580119	,32.671
2404,43.026899842	,131.896525569	,32.763
2405,43.026900082	,131.896508439	,32.817
2406,43.026892638	,131.896520112	,32.677
2407,43.026894293	,131.896522625	,32.720
2408,43.026892520	,131.896525107	,32.748
2409,43.026877064	,131.896523762	,32.799
2410,43.026889524	,131.896468754	,32.774
2411,43.026915366	,131.896450791	,32.622
2412,43.026915344	,131.896441937	,32.671
2413,43.026915043	,131.896435912	,32.665
2414,43.026907719	,131.896430340	,32.691
2415,43.026921360	,131.896395218	,33.077
2416,43.026917977	,131.896401342	,32.661
2417,43.026918694	,131.896383071	,32.784
2418,43.026883522	,131.896467859	,32.867
2419,43.026866682	,131.896443946	,32.701
2420,43.026864834	,131.896433226	,32.720
2421,43.026872456	,131.896387461	,32.688
2422,43.026845833	,131.896399477	,32.756
2423,43.026841741	,131.896401732	,32.727
2424,43.026833786	,131.896420960	,32.767
2425,43.026839269	,131.896432945	,32.696
2426,43.026839743	,131.896441797	,32.716
2427,43.026829355	,131.896469730	,32.698
2428,43.026822983	,131.896458353	,32.737
2429,43.026823460	,131.896482512	,32.721
2430,43.026809835	,131.896525745	,32.743
2431,43.026806998	,131.896544106	,32.696
2432,43.026783526	,131.896528567	,32.723
2433,43.026766113	,131.896519184	,32.793
2434,43.026791745	,131.896486326	,32.855
2435,43.026757199	,131.896506843	,32.734
2436,43.026745916	,131.896531497	,32.882
2437,43.026716214	,131.896533602	,32.784
2438,43.026711320	,131.896535285	,32.744
2439,43.026694753	,131.896618370	,32.816
2440,43.026697650	,131.896632822	,32.847
2441,43.026698343	,131.896640211	,32.868
2442,43.026673514	,131.896686673	,32.862
2443,43.026658553	,131.896734099	,33.325
2444,43.026636412	,131.896766271	,33.526
2445,43.026651717	,131.896785501	,33.677
2446,43.026721510	,131.896826971	,33.898
2447,43.026713988	,131.896840447	,33.917
2448,43.026691292	,131.896846965	,34.050
2449,43.026669513	,131.896870577	,34.164
2450,43.026639096	,131.896851992	,34.251
2451,43.026625495	,131.896786631	,33.762
2452,43.026606801	,131.896815488	,34.147
2453,43.026586284	,131.896786317	,34.123
2454,43.026553966	,131.896748798	,34.095
2455,43.026511503	,131.896711122	,34.050
2456,43.026508305	,131.896662817	,33.672
2457,43.026502282	,131.896639207	,32.940
2458,43.026549866	,131.896693041	,33.763
2459,43.026552384	,131.896684258	,33.433
2460,43.026579455	,131.896675285	,33.279
2461,43.026579255	,131.896664426	,33.460
2462,43.026588564	,131.896693914	,33.248
2463,43.026597675	,131.896725618	,33.438
2464,43.026603345	,131.896735202	,33.808
2465,43.026620872	,131.896710238	,33.238
2466,43.026611537	,131.896699896	,33.408
2467,43.026604715	,131.896674632	,33.406
2468,43.026602914	,131.896656108	,33.214
2469,43.026598353	,131.896643074	,33.122
2470,43.026601361	,131.896645706	,32.991
2471,43.026591822	,131.896648597	,33.062
2472,43.026619164	,131.896651727	,32.994
2473,43.026650831	,131.896628733	,32.978
2474,43.026576593	,131.896561728	,33.172
2475,43.026513425	,131.896572019	,33.270
2476,43.026505011	,131.896540489	,33.521
2477,43.026551147	,131.896479573	,33.202
2478,43.026526664	,131.896472259	,33.477
2479,43.026538343	,131.896335532	,33.951
2480,43.026527300	,131.896324504	,34.132
2481,43.026533030	,131.896323843	,34.246
2482,43.026492962	,131.896313639	,34.873
2483,43.026485149	,131.896254329	,35.281
2484,43.026473394	,131.896231853	,35.215
2485,43.026469001	,131.896228706	,35.355
2486,43.026456488	,131.896218014	,35.332
2487,43.026464743	,131.896199993	,35.085
2488,43.026467163	,131.896172476	,35.043
2489,43.026478480	,131.896167539	,34.898
2490,43.026474511	,131.896163556	,34.787
2491,43.026459093	,131.896125425	,34.524
2492,43.026488214	,131.896118683	,34.388
2493,43.026497512	,131.896166736	,34.318
2494,43.026499384	,131.896208400	,34.761
2495,43.026503113	,131.896206002	,34.751
2496,43.026495754	,131.896136467	,34.236
2497,43.026517403	,131.895981119	,34.599
2498,43.026533025	,131.895986133	,34.456
2499,43.026539890	,131.895975072	,34.403
2500,43.026539226	,131.895984926	,34.438
2501,43.026564726	,131.896006442	,34.127
2502,43.026570705	,131.896010615	,34.119
2503,43.026575603	,131.896018700	,34.127
2504,43.026578761	,131.896019906	,34.114
2505,43.026570573	,131.896030641	,34.187
2506,43.026566327	,131.896025373	,34.194
2507,43.026559584	,131.896027578	,34.194
2508,43.026566305	,131.896045282	,34.207
2509,43.026543576	,131.896098276	,34.194
2510,43.026535460	,131.896038836	,34.379
2511,43.026590865	,131.896031817	,34.072
2512,43.026588928	,131.896035576	,34.046
2513,43.026585732	,131.896036153	,34.046
2514,43.026585921	,131.896039459	,34.029
2515,43.026597480	,131.896035804	,34.030
2516,43.026606088	,131.896041412	,33.965
2517,43.026610137	,131.896050089	,33.924
2518,43.026609602	,131.896055496	,33.895
2519,43.026616584	,131.896048493	,33.793
2520,43.026617243	,131.896059408	,33.862
2521,43.026601132	,131.896064736	,33.916
2522,43.026599868	,131.896068518	,33.985
2523,43.026597807	,131.896071636	,33.910
2524,43.026593097	,131.896073140	,34.038
2525,43.026577889	,131.896087781	,34.088
2526,43.026609795	,131.896092938	,33.964
2527,43.026613120	,131.896091366	,34.004
2528,43.026613341	,131.896084932	,33.916
2529,43.026642474	,131.896085965	,33.817
2530,43.026645238	,131.896080511	,33.726
2531,43.026640956	,131.896099873	,33.686
2532,43.026647311	,131.896083432	,33.772
2533,43.026649096	,131.896101818	,33.557
2534,43.026669663	,131.896075972	,33.379
2535,43.026679325	,131.896094325	,33.340
2536,43.026682054	,131.896096640	,33.377
2537,43.026680243	,131.896098845	,33.336
2538,43.026687443	,131.896104812	,33.318
2539,43.026693429	,131.896112830	,33.296
2540,43.026689688	,131.896107247	,33.347
2541,43.026692626	,131.896114067	,33.326
2542,43.026692833	,131.896118320	,33.224
2543,43.026686802	,131.896118858	,33.333
2544,43.026685432	,131.896117849	,33.325
2545,43.026683216	,131.896119085	,33.308
2546,43.026682922	,131.896120365	,33.333
2547,43.026680053	,131.896120158	,33.387
2548,43.026678824	,131.896125897	,33.443
2549,43.026655522	,131.896145372	,33.402
2550,43.026655969	,131.896158836	,33.469
2551,43.026680094	,131.896157439	,33.222
2552,43.026684695	,131.896154293	,33.301
2553,43.026687375	,131.896159981	,33.327
2554,43.026720243	,131.896151030	,33.156
2555,43.026754049	,131.896201005	,33.115
2556,43.026722627	,131.896222085	,33.217
2557,43.026733213	,131.896225166	,33.162
2558,43.026739975	,131.896253522	,33.069
2559,43.026783133	,131.896291763	,32.753
2560,43.026788898	,131.896309432	,32.735
2561,43.026785356	,131.896304843	,32.761
2562,43.026791801	,131.896308669	,33.028
2563,43.026803456	,131.896301233	,33.088
2564,43.026800216	,131.896294619	,32.848
2565,43.026805447	,131.896301129	,32.998
2566,43.026829529	,131.896288811	,32.732
2567,43.026834822	,131.896274632	,32.798
2568,43.026843441	,131.896271195	,32.840
2569,43.026812240	,131.896334341	,32.972
2570,43.026807642	,131.896350457	,32.771
2571,43.026786939	,131.896394788	,32.821
2572,43.026785093	,131.896389820	,32.811
2573,43.026773428	,131.896385776	,32.974
2574,43.026770034	,131.896366474	,32.910
2575,43.026754256	,131.896370661	,32.945
2576,43.026748387	,131.896372720	,32.897
2577,43.026742961	,131.896368049	,32.898
2578,43.026748760	,131.896338264	,33.172
2579,43.026744169	,131.896337926	,33.005
2580,43.026749496	,131.896310317	,33.046
2581,43.026738128	,131.896286552	,33.302
2582,43.026730878	,131.896294519	,33.230
2583,43.026731502	,131.896283694	,33.473
2584,43.026729330	,131.896287488	,33.043
2585,43.026701702	,131.896272590	,33.152
2586,43.026651113	,131.896281129	,33.325
2587,43.026649989	,131.896277529	,33.356
2588,43.026648743	,131.896276452	,33.460
2589,43.026645133	,131.896272772	,33.556
2590,43.026637680	,131.896214911	,33.490
2591,43.026631987	,131.896187768	,33.507
2592,43.026608506	,131.896185054	,33.676
2593,43.026604335	,131.896195291	,33.797
2594,43.026593527	,131.896172375	,33.748
2595,43.026589974	,131.896186521	,33.953
2596,43.026581936	,131.896188091	,33.916
2597,43.026583236	,131.896179224	,33.758
2598,43.026583998	,131.896168761	,33.809
2599,43.026578531	,131.896164447	,33.861
2600,43.026574349	,131.896162598	,33.992
2601,43.026579150	,131.896166414	,33.898
2602,43.026579342	,131.896172082	,33.869
2603,43.026575445	,131.896171956	,33.934
2604,43.026579385	,131.896130418	,34.051
2605,43.026554467	,131.896150458	,33.968
2606,43.026542546	,131.896204948	,34.060
2607,43.026581921	,131.896275992	,33.836
2608,43.026573929	,131.896282392	,33.749
2609,43.026568782	,131.896281021	,33.765
2610,43.026580574	,131.896301535	,33.644
2611,43.026573794	,131.896303898	,33.652
2612,43.026566634	,131.896302507	,33.682
2613,43.026569703	,131.896305768	,33.572
2614,43.026573450	,131.896328341	,33.510
2615,43.026574674	,131.896326434	,33.523
2616,43.026582062	,131.896329365	,33.444
2617,43.026585481	,131.896329305	,33.482
2618,43.026587896	,131.896336455	,33.417
2619,43.026623006	,131.896336134	,33.418
2620,43.026576591	,131.896390183	,33.300
2621,43.026622015	,131.896386165	,33.175
2622,43.026626301	,131.896395076	,33.241
2623,43.026628828	,131.896404100	,33.171
2624,43.026635645	,131.896464188	,33.096
2625,43.026641512	,131.896353316	,33.411
2626,43.026647877	,131.896353751	,33.310
2627,43.026631029	,131.896331126	,33.392
2628,43.026630168	,131.896304767	,33.447
2629,43.026625567	,131.896312773	,33.464
2630,43.026620449	,131.896309749	,33.482
2631,43.026672096	,131.896338038	,33.378
2632,43.026669661	,131.896336229	,33.268
2633,43.026687085	,131.896376338	,33.120
2634,43.026690848	,131.896382177	,33.138
2635,43.026695854	,131.896384182	,33.007
2636,43.026697523	,131.896367189	,33.021
2637,43.026716215	,131.896374618	,32.995
2638,43.026714737	,131.896398708	,32.938
2639,43.026726205	,131.896408784	,32.820
2640,43.026729106	,131.896476664	,32.734
2641,43.026731371	,131.896480998	,32.731
2642,43.026744031	,131.896492092	,32.758
2643,43.026740706	,131.896508800	,32.808
2644,43.026678206	,131.896520366	,32.878
base_3,43.345316145	,132.142003569	,64.832
2645,43.026779501	,131.897522476	,35.432
2646,43.026780276	,131.897519574	,35.338
2647,43.026762587	,131.897572755	,35.644
2648,43.026758487	,131.897572665	,35.495
2649,43.026758313	,131.897575834	,35.522
2650,43.026746828	,131.897643282	,35.793
2651,43.026747756	,131.897646042	,35.774
2652,43.026749191	,131.897650883	,35.747
2653,43.026749919	,131.897653698	,35.758
2654,43.026738286	,131.897715079	,35.890
2655,43.026697903	,131.897785509	,36.356
2656,43.026679330	,131.897840054	,36.604
2657,43.026678437	,131.897844734	,36.582
2658,43.026717243	,131.897851493	,36.414
2659,43.026671286	,131.897890710	,36.979
2660,43.026622212	,131.897922490	,37.394
2661,43.026873363	,131.897926754	,35.764
2662,43.026872255	,131.897923867	,35.839
2663,43.026856350	,131.897878269	,35.899
2664,43.026857527	,131.897873738	,35.825
2665,43.026849490	,131.897823094	,35.853
2666,43.026846524	,131.897766398	,35.730
2667,43.026850858	,131.897713457	,35.741
2668,43.026853981	,131.897715034	,35.672
2669,43.026861547	,131.897664966	,35.535
2670,43.026862964	,131.897661918	,35.540
2671,43.026938465	,131.897510529	,35.221
2672,43.026973452	,131.897480551	,35.105
2673,43.027006688	,131.897456145	,35.077
2674,43.027045045	,131.897440325	,34.992
2675,43.027085183	,131.897432409	,34.864
2676,43.027129691	,131.897431839	,34.722
2677,43.027205820	,131.897463852	,34.444
2678,43.027272293	,131.897522938	,34.468
2679,43.027299514	,131.897564568	,34.395
2680,43.027321213	,131.897610464	,34.448
2681,43.027336061	,131.897652671	,34.598
2682,43.027350836	,131.897675887	,34.453
2683,43.027335112	,131.897816293	,34.359
2684,43.027349430	,131.897843980	,34.549
2685,43.027337942	,131.897893359	,34.482
2686,43.027291166	,131.897886444	,34.410
2687,43.027321488	,131.897942638	,34.478
2688,43.027278531	,131.897999996	,34.631
2689,43.027266744	,131.898037858	,34.647
2690,43.027234290	,131.898067790	,34.759
2691,43.027198511	,131.898093881	,34.790
2692,43.027057984	,131.898117367	,35.091
2693,43.027014707	,131.898103607	,35.185
2694,43.026977995	,131.898079962	,35.295
2695,43.026945837	,131.898047627	,35.465
2696,43.026915294	,131.898012744	,35.520
2697,43.027042206	,131.897996040	,35.055
2698,43.027005465	,131.897962352	,35.124
2699,43.026925385	,131.897848717	,35.451
2700,43.026919900	,131.897796782	,35.469
2701,43.026921613	,131.897747120	,35.427
2702,43.026926033	,131.897746921	,35.375
2703,43.026928602	,131.897742179	,35.331
2704,43.026927576	,131.897737670	,35.332
2705,43.026924398	,131.897739703	,35.359
2706,43.027024322	,131.897594802	,35.043
2707,43.027067247	,131.897573256	,34.914
2708,43.027221645	,131.897599724	,34.487
2709,43.027241344	,131.897630747	,34.546
2710,43.027257594	,131.897700583	,34.492
2711,43.027238653	,131.897701349	,34.457
2712,43.027188568	,131.897707897	,34.569
2713,43.027191485	,131.897689301	,34.557
2714,43.027212063	,131.897670469	,34.551
2715,43.027243626	,131.898652245	,34.218
2716,43.027252460	,131.898614766	,34.668
2717,43.027232093	,131.898595572	,34.986
2718,43.027210924	,131.898613972	,35.196
2719,43.027212943	,131.898641099	,35.245
2720,43.027687146	,131.898889153	,33.166
2721,43.027689402	,131.898931606	,33.216
2722,43.027705732	,131.898907588	,33.104
2723,43.027721106	,131.898884184	,32.737
2724,43.027726226	,131.898929823	,32.926
2725,43.027769749	,131.899157884	,32.131
2726,43.027817855	,131.899134163	,32.107
2727,43.027899823	,131.899169020	,31.092
2728,43.027903779	,131.899215943	,31.065
2729,43.027906086	,131.899557460	,30.800
2730,43.028140182	,131.899451869	,30.304
2731,43.028136955	,131.899381011	,30.166
2732,43.028147975	,131.899335487	,30.097
2733,43.028133120	,131.899327486	,30.152
2734,43.028146041	,131.899315209	,30.103
2735,43.028102248	,131.898987860	,29.994
2736,43.028112678	,131.898969955	,30.010
2737,43.028100411	,131.898956890	,29.879
2738,43.028096291	,131.898893456	,29.869
2739,43.028293215	,131.898847880	,29.840
2740,43.028452788	,131.898803875	,29.928
2741,43.028330831	,131.898833130	,29.844
2742,43.028363033	,131.898886153	,29.805
2743,43.028414855	,131.898876807	,29.863
2744,43.028481160	,131.898951450	,29.723
2745,43.028467900	,131.898957823	,29.717
2746,43.028436982	,131.898992217	,29.781
2747,43.028403048	,131.899060373	,30.214
2748,43.028395242	,131.899071257	,29.704
2749,43.028393305	,131.899063524	,29.678
2750,43.028348058	,131.899156796	,29.831
2751,43.028343192	,131.899164449	,29.907
2752,43.028372906	,131.899203462	,29.764
2753,43.028375413	,131.899191096	,29.719
2754,43.028404265	,131.899143739	,29.757
2755,43.028436587	,131.899090743	,29.711
2756,43.028445920	,131.899112654	,29.772
2757,43.028489641	,131.899141892	,29.723
2758,43.028568862	,131.899310361	,29.633
2759,43.028534290	,131.899312460	,29.614
2760,43.028536482	,131.899322667	,29.591
2761,43.028515900	,131.899323337	,29.608
2762,43.028502376	,131.899320381	,29.619
2763,43.028474555	,131.899326113	,29.605
2764,43.028469766	,131.899333221	,29.656
2765,43.028444887	,131.899331910	,29.687
2766,43.028403175	,131.899369927	,29.696
2767,43.028362466	,131.899377163	,29.824
2768,43.028886260	,131.898879688	,30.121
2769,43.028838329	,131.898738023	,29.783
2770,43.028828405	,131.898706248	,29.795
2771,43.028833992	,131.898695169	,29.842
2772,43.028822798	,131.898627488	,29.874
2773,43.028826932	,131.898618719	,29.899
2774,43.028882440	,131.898612981	,29.970
2775,43.028894694	,131.898551839	,30.083
2776,43.028917374	,131.898467668	,30.030
2777,43.028956249	,131.898411224	,29.988
2778,43.028879744	,131.898312819	,30.028
2779,43.028904914	,131.898217110	,29.842
2780,43.028911393	,131.898192628	,29.825
2781,43.029089763	,131.897785062	,29.939
2782,43.029019715	,131.898143342	,30.142
2783,43.029155574	,131.897689083	,29.585
base_4,43.118967249	,131.889649029	,114.219
2784,43.027291506	,131.898257748	,34.445
2785,43.027285243	,131.898258993	,34.245
2786,43.027080553	,131.898265665	,34.735
2787,43.027071888	,131.898340562	,35.454
2788,43.027105192	,131.898352997	,35.207
2789,43.027075851	,131.898393117	,35.482
2790,43.027143675	,131.898428462	,34.330
2791,43.027117306	,131.898470308	,34.545
2792,43.027161315	,131.898494264	,34.278
2793,43.027160153	,131.898496414	,34.419
2794,43.027134181	,131.898520326	,34.312
2795,43.027132149	,131.898518394	,34.338
2796,43.027129817	,131.898518232	,34.334
2797,43.027098036	,131.898513948	,34.522
2798,43.027090694	,131.898510928	,34.565
2799,43.027080283	,131.898468133	,35.209
2800,43.027017817	,131.898461121	,34.984
2801,43.026966651	,131.898439143	,35.163
2802,43.026967618	,131.898234643	,35.232
2803,43.026774639	,131.898349642	,36.565
2804,43.026707329	,131.898391564	,37.030
2805,43.026637789	,131.898366418	,37.635
2806,43.026596761	,131.898431880	,37.833
2807,43.026490373	,131.898498894	,38.807
2808,43.026519761	,131.898440688	,39.160
2809,43.026628289	,131.898109910	,37.583
2810,43.026656351	,131.898087008	,37.532
2811,43.026749981	,131.898095375	,36.646
2812,43.026732535	,131.898070418	,36.856
2813,43.026766548	,131.898014386	,36.019
2814,43.027360578	,131.898413571	,33.235
2815,43.027371838	,131.898408299	,32.923
2816,43.027372674	,131.898389976	,32.961
2817,43.027364132	,131.898393764	,33.188
2818,43.027367183	,131.898375878	,33.172
2819,43.027407081	,131.898288245	,32.850
2820,43.027416965	,131.898271087	,32.995
2821,43.027416452	,131.898255553	,33.208
2822,43.027458334	,131.898144901	,32.930
2823,43.027559618	,131.897763866	,33.562
2824,43.027640696	,131.897761649	,33.308
2825,43.027658647	,131.897816306	,32.757
2826,43.027671619	,131.897802036	,33.071
2827,43.027690839	,131.897800236	,32.799
2828,43.027681534	,131.897751342	,33.187
2829,43.028030620	,131.897809030	,32.283
2830,43.028040763	,131.897753096	,32.295
2831,43.028132211	,131.897754305	,31.784
2832,43.028147760	,131.897722959	,31.747
2833,43.028318188	,131.897794356	,30.475
2834,43.028420265	,131.897797227	,31.059
2835,43.028433549	,131.897807022	,31.205
2836,43.028478322	,131.897824709	,31.217
2837,43.028513877	,131.897890707	,30.422
2838,43.028563058	,131.897895172	,29.677
2839,43.028704679	,131.897759752	,29.935
2840,43.028711789	,131.897740873	,30.092
2841,43.028786289	,131.897701369	,30.258
2842,43.028868494	,131.897977101	,29.399
2843,43.028816856	,131.898021724	,29.558
2844,43.028694183	,131.897962882	,29.714
2845,43.028613548	,131.897940859	,29.990
2846,43.028423269	,131.897937432	,30.594
2847,43.028338971	,131.897914043	,30.333
2848,43.028291818	,131.897895442	,30.967
2849,43.028173581	,131.897854039	,31.525
2850,43.028153574	,131.897857412	,31.663
2851,43.028138896	,131.897866005	,31.666
2852,43.028132630	,131.897875629	,31.711
2853,43.028149329	,131.897882354	,31.687
2854,43.028008581	,131.897894058	,32.279
2855,43.027992796	,131.897905968	,32.361
2856,43.027965410	,131.897906668	,32.281
2857,43.027962610	,131.897905803	,32.325
2858,43.027964713	,131.897916263	,32.532
2859,43.027944218	,131.897911248	,32.477
2860,43.027929004	,131.897913275	,32.680
2861,43.027934351	,131.897904340	,32.216
2862,43.027918900	,131.897904955	,32.338
2863,43.027900813	,131.897934328	,32.883
2864,43.027882135	,131.898001689	,32.898
2865,43.027869099	,131.898054882	,32.804
2866,43.027907491	,131.898142834	,32.343
2867,43.027839694	,131.898141461	,32.974
2868,43.027811285	,131.898195329	,33.173
2869,43.027850914	,131.898209670	,32.784
2870,43.027868011	,131.898184713	,32.686
2871,43.027857830	,131.898217975	,32.875
2872,43.027809269	,131.898290148	,33.426
2873,43.027820667	,131.898340998	,32.557
2874,43.027775516	,131.898310603	,33.102
2875,43.027784889	,131.898354010	,32.981
2876,43.027834831	,131.898421951	,32.295
2877,43.027784825	,131.898422237	,32.800
2878,43.027752290	,131.898360729	,33.018
2879,43.027715215	,131.898380290	,32.537
2880,43.027695233	,131.898430536	,32.624
2881,43.027734442	,131.898455227	,32.939
2882,43.027813185	,131.898494522	,32.560
2883,43.027797429	,131.898572382	,32.290
2884,43.027762632	,131.898551016	,32.706
2885,43.027744840	,131.898533554	,33.004
2886,43.027707870	,131.898548521	,33.137
2887,43.027735991	,131.898585111	,32.947
2888,43.027782733	,131.898640036	,32.422
2889,43.027732970	,131.898641365	,32.681
2890,43.027762123	,131.898707311	,32.222
2891,43.027736116	,131.898687494	,32.593
2892,43.027711484	,131.898604894	,32.800
2893,43.027686455	,131.898586605	,32.978
2894,43.027681540	,131.898580664	,32.975
2895,43.027666629	,131.898569651	,32.706
2896,43.027656003	,131.898555503	,32.281
2897,43.027658011	,131.898588527	,32.634
2898,43.027645955	,131.898624337	,32.689
2899,43.027618392	,131.898660197	,32.714
2900,43.027634405	,131.898696544	,33.152
2901,43.027614125	,131.898700916	,32.945
2902,43.027587074	,131.898696546	,33.097
2903,43.027581344	,131.898694994	,32.999
2904,43.027526929	,131.898689557	,33.134
2905,43.027536932	,131.898721759	,33.407
2906,43.027531798	,131.898724017	,33.572
2907,43.027534367	,131.898727156	,33.471
2908,43.027494252	,131.898724541	,33.497
2909,43.027493999	,131.898721953	,33.573
2910,43.027604273	,131.898738151	,32.971
2911,43.027620466	,131.898745154	,32.984
2912,43.027623097	,131.898751583	,32.923
2913,43.027643600	,131.898791505	,32.801
2914,43.027648922	,131.898739341	,32.953
2915,43.027690944	,131.898774420	,32.423
2916,43.027683330	,131.898745030	,32.675
2917,43.027689810	,131.898709898	,32.831
2918,43.027687347	,131.898715622	,32.683
2919,43.027707093	,131.898715680	,32.783
2920,43.027716256	,131.898713259	,32.566
2921,43.027726887	,131.898693033	,32.557
2922,43.027414016	,131.898636936	,32.960
2923,43.027414301	,131.898638528	,33.015
2924,43.027395221	,131.898614992	,33.106
2925,43.027372489	,131.898556667	,33.245
2926,43.027423266	,131.898809965	,33.775
2927,43.027474544	,131.898844343	,33.729
2928,43.027543158	,131.898883177	,32.925
2929,43.027584490	,131.898913476	,32.562
2930,43.027609275	,131.898957606	,32.290
2931,43.027626943	,131.899006114	,32.098
2932,43.027506492	,131.898908007	,33.214
2933,43.027465178	,131.898937556	,33.309
2934,43.027434710	,131.898937786	,33.734
2935,43.027429312	,131.898944746	,33.342
2936,43.027472341	,131.899016043	,33.081
2937,43.027438608	,131.899081636	,33.214
2938,43.027412078	,131.899138068	,33.352
2939,43.027385483	,131.899166708	,33.341
2940,43.027381699	,131.899167312	,33.437
2941,43.027391056	,131.899217835	,33.230
2942,43.027360844	,131.899213620	,33.380
2943,43.027356499	,131.899212466	,33.306
2944,43.027309830	,131.899180309	,32.678
2945,43.027302982	,131.899203393	,32.680
2946,43.027301821	,131.899210371	,32.806
2947,43.027292977	,131.899215207	,32.821
2948,43.027340427	,131.899363634	,32.631
2949,43.027253262	,131.899438746	,33.920
2950,43.027211136	,131.899493657	,33.624
2951,43.027168902	,131.899536425	,34.212
2952,43.027058716	,131.899591029	,34.506
2953,43.026973430	,131.899932001	,34.673
2954,43.026954984	,131.899930525	,34.140
2955,43.026935728	,131.899976166	,34.604
2956,43.026949628	,131.899980898	,34.855
2957,43.026870382	,131.900018199	,34.633
2958,43.026817702	,131.900027908	,35.434
2959,43.026822379	,131.899962162	,36.136
2960,43.026892877	,131.899893396	,34.556
2961,43.026900288	,131.899840527	,34.237
2962,43.026891373	,131.899751269	,34.906
2963,43.026824499	,131.899744107	,35.462
2964,43.026782447	,131.899747906	,35.561
2965,43.026779690	,131.899749742	,35.431
2966,43.026748720	,131.899722989	,35.633
2967,43.026810435	,131.899696476	,35.479
2968,43.026827362	,131.899709309	,35.313
2969,43.026930842	,131.899678259	,34.745
2970,43.026945188	,131.899687829	,34.347
2971,43.026962070	,131.899641786	,34.008
2972,43.026979617	,131.899579189	,34.583
2973,43.026989359	,131.899506071	,33.901
2974,43.026977419	,131.899495049	,34.276
2975,43.027034278	,131.899264753	,34.786
2976,43.027149745	,131.899191457	,33.925
2977,43.027161568	,131.899110224	,34.101
2978,43.027275087	,131.898931883	,33.377
2979,43.027259329	,131.898896639	,33.390
2980,43.027269739	,131.898786372	,33.848
2981,43.027286292	,131.898767787	,33.742
2982,43.027317451	,131.898708864	,33.509
2983,43.027316649	,131.898693766	,33.644
2984,43.027356211	,131.898718804	,33.566
2985,43.027671810	,131.899404561	,30.897
2986,43.027638574	,131.899420695	,31.129
2987,43.027629424	,131.899448946	,31.192
2988,43.027674943	,131.899474512	,30.975
2989,43.027680829	,131.899504727	,30.997
2990,43.027684594	,131.899540611	,30.974
2991,43.027694374	,131.899611627	,30.993
2992,43.027497843	,131.899360445	,31.776
2993,43.027426202	,131.899391100	,32.087
2994,43.027244011	,131.899592417	,32.792
2995,43.027220644	,131.899613944	,33.131
2996,43.027229521	,131.899664929	,32.443
2997,43.027216598	,131.899664763	,32.950
2998,43.027223011	,131.899685706	,32.645
2999,43.027212166	,131.899679447	,33.166
3000,43.027222074	,131.899714518	,32.354
3001,43.027182556	,131.899712889	,33.932
3002,43.027150174	,131.899688110	,34.234
3003,43.027097591	,131.900033130	,34.825
3004,43.027067694	,131.900071538	,35.219
3005,43.027070330	,131.900075640	,35.199
3006,43.027065369	,131.900078951	,35.194
3007,43.027058836	,131.900080970	,34.956
3008,43.026945028	,131.900105824	,35.213
3009,43.027055239	,131.900191633	,35.207
3010,43.027143153	,131.900165090	,34.093
3011,43.027152532	,131.900212745	,33.953
3012,43.027193659	,131.900217463	,32.727
3013,43.027200771	,131.900261169	,32.437
3014,43.027060296	,131.900239895	,34.986
3015,43.027145325	,131.900413318	,34.836
3016,43.027147695	,131.900421556	,35.260
3017,43.027199771	,131.900530963	,35.023
3018,43.027197414	,131.900571935	,35.206
3019,43.027201541	,131.900616365	,35.423
3020,43.027207915	,131.900837045	,35.992
3021,43.027241011	,131.900998274	,36.313
3022,43.027244761	,131.901016105	,36.189
3023,43.027257988	,131.901043294	,36.795
3024,43.027285496	,131.901095266	,37.524
3025,43.027281787	,131.901104634	,37.621
3026,43.027288796	,131.901151474	,37.720
3027,43.027309027	,131.901238325	,38.269
3028,43.027319963	,131.901204724	,37.892
3029,43.027369831	,131.901236594	,37.873
3030,43.027373491	,131.901225595	,37.616
3031,43.027377221	,131.901226404	,37.467
3032,43.027388621	,131.901112575	,36.442
3033,43.027394749	,131.901104977	,36.396
3034,43.027385195	,131.901028516	,36.324
3035,43.027388655	,131.901032048	,36.439
3036,43.027463135	,131.901093378	,35.986
3037,43.027498070	,131.901040533	,35.436
3038,43.027555413	,131.900998420	,34.774
3039,43.027525731	,131.900878070	,33.120
3040,43.027517755	,131.900884102	,33.098
3041,43.027516612	,131.900865252	,32.699
3042,43.027506559	,131.900846452	,32.268
3043,43.027490156	,131.900885013	,33.390
3044,43.027487510	,131.900885832	,33.393
3045,43.027485205	,131.900933981	,34.678
3046,43.027453143	,131.900953917	,35.134
3047,43.027439739	,131.900917095	,34.638
3048,43.027439088	,131.900882194	,33.540
3049,43.027442634	,131.900845572	,32.475
3050,43.027440220	,131.900850354	,32.463
3051,43.027424392	,131.900899418	,34.175
3052,43.027414318	,131.900909465	,34.667
3053,43.027392304	,131.900854570	,32.986
3054,43.027362456	,131.900874282	,34.025
3055,43.027312126	,131.900883403	,35.233
3056,43.027300126	,131.900999731	,36.870
3057,43.027322692	,131.901043936	,36.881
3058,43.027235106	,131.901163917	,38.504
3059,43.027230947	,131.901143548	,38.459
3060,43.027231369	,131.901136448	,38.538
3061,43.027241437	,131.901120429	,37.624
3062,43.027241995	,131.901109181	,37.093
3063,43.027228632	,131.901084767	,36.841
3064,43.027187180	,131.901033964	,37.779
3065,43.027194188	,131.901029587	,37.409
3066,43.027211205	,131.900996318	,36.008
3067,43.027204193	,131.900991867	,36.312
3068,43.027210181	,131.900972512	,35.984
3069,43.027208400	,131.900957529	,35.704
3070,43.027203258	,131.900948717	,36.000
3071,43.027191534	,131.900930680	,36.126
3072,43.027202964	,131.900928743	,35.772
3073,43.027197288	,131.900916056	,35.824
3074,43.027189865	,131.900911963	,35.858
3075,43.027194306	,131.900900828	,35.910
3076,43.027188854	,131.900899293	,35.893
3077,43.027182488	,131.900895585	,35.926
3078,43.027184390	,131.900863288	,35.739
3079,43.027181358	,131.900851708	,35.808
3080,43.027181210	,131.900836338	,35.568
3081,43.027178677	,131.900825552	,35.560
3082,43.027170236	,131.900826490	,35.841
3083,43.027166461	,131.900811231	,35.931
3084,43.027169027	,131.900787826	,35.575
3085,43.027152736	,131.900754146	,35.975
3086,43.027146035	,131.900723241	,35.821
3087,43.027144152	,131.900727293	,35.868
3088,43.027122008	,131.900668152	,36.508
3089,43.027108676	,131.900548746	,35.893
3090,43.027085848	,131.900572044	,36.243
3091,43.027084240	,131.900583092	,36.373
3092,43.027076853	,131.900579066	,36.338
3093,43.027052117	,131.900436671	,35.461
3094,43.026985831	,131.900339335	,35.130
3095,43.026948130	,131.900228862	,35.420
3096,43.026899586	,131.900119302	,35.537
3097,43.026884629	,131.900350137	,36.887
3098,43.026972746	,131.900485292	,36.967
3099,43.026975968	,131.900488767	,36.941
3100,43.027024090	,131.900485913	,36.262
3101,43.027037327	,131.900570152	,36.704
3102,43.027044843	,131.900570628	,36.520
3103,43.027038992	,131.900562408	,36.670
3104,43.027088852	,131.900711867	,37.032
3105,43.027040742	,131.900710398	,37.402
3106,43.027066384	,131.900822017	,37.711
3107,43.028055215	,131.900607767	,30.370
3108,43.028133456	,131.900629035	,30.360
3109,43.028242017	,131.900612725	,30.320
3110,43.028290790	,131.900600993	,30.188
3111,43.028338561	,131.900874065	,30.084
3112,43.028383561	,131.900563691	,29.847
3113,43.028382663	,131.900505823	,29.865
3114,43.028382087	,131.900411145	,29.905
3115,43.028384468	,131.900358548	,29.826
3116,43.028390445	,131.900304215	,29.765
3117,43.028409547	,131.900151414	,29.682
3118,43.028417956	,131.900053205	,29.531
3119,43.028428079	,131.900008838	,29.568
3120,43.028440858	,131.899965574	,29.495
3121,43.028427328	,131.899815440	,29.484
3122,43.028395819	,131.899823164	,29.413
3123,43.028361841	,131.899831572	,29.412
3124,43.028328307	,131.899834461	,29.498
3125,43.028305484	,131.899841610	,29.617
3126,43.028618943	,131.899651286	,29.665
3127,43.028644505	,131.899658247	,29.577
3128,43.028658046	,131.899541442	,29.480
3129,43.028748876	,131.899599000	,29.207
3130,43.028842698	,131.899577799	,29.204
3131,43.028630219	,131.899973065	,29.335
3132,43.028626914	,131.900037681	,29.598
3133,43.028553245	,131.899997449	,29.881
3134,43.028531836	,131.900026818	,29.924
3135,43.028516495	,131.900085435	,30.357
3136,43.028503676	,131.900146291	,30.154
3137,43.028502526	,131.900185236	,29.516
3138,43.028495688	,131.900228354	,29.532
3139,43.028490471	,131.900290598	,29.621
3140,43.028483005	,131.900351772	,29.591
3141,43.028479190	,131.900414983	,29.860
3142,43.028482850	,131.900475190	,29.712
3143,43.028472896	,131.900544238	,29.651
3144,43.028481056	,131.900558293	,29.651
3145,43.028481485	,131.900595652	,29.578
3146,43.028470337	,131.900607189	,29.712
3147,43.028464351	,131.900670726	,29.896
3148,43.028461718	,131.900732639	,29.971
3149,43.028460595	,131.900796059	,29.980
3150,43.028456230	,131.900861585	,30.147
3151,43.028474417	,131.900896235	,29.932
3152,43.028453975	,131.900923636	,30.208
3153,43.028503011	,131.900932167	,29.865
3154,43.028550291	,131.900934897	,29.813
3155,43.028596974	,131.900942384	,29.861
3156,43.028635323	,131.900952733	,29.716
3157,43.028674803	,131.900962889	,29.730
3158,43.028709795	,131.900976852	,29.566
3159,43.028693232	,131.900920360	,29.587
3160,43.028672503	,131.900866511	,29.613
3161,43.028620461	,131.900651185	,29.639
3162,43.028598147	,131.900642077	,29.618
3163,43.028613177	,131.900592567	,29.627
3164,43.028572125	,131.900685485	,30.102
3165,43.028530480	,131.900694755	,30.071
3166,43.028694601	,131.900534256	,29.494
3167,43.028724010	,131.900494702	,29.407
3168,43.028693146	,131.900455559	,29.535
3169,43.028608879	,131.900531820	,29.662
3170,43.028583914	,131.900491898	,30.170
3171,43.028604299	,131.900469410	,29.587
3172,43.028599912	,131.900409179	,29.659
3173,43.028602220	,131.900348166	,29.575
3174,43.028715452	,131.900366359	,30.119
3175,43.028699236	,131.900323371	,30.437
3176,43.028604566	,131.900285939	,29.963
3177,43.028611766	,131.900223969	,29.546
3178,43.028613798	,131.900157607	,29.720
3179,43.028618666	,131.900099160	,29.777
3180,43.028712709	,131.900024121	,29.582
3181,43.028719300	,131.900058853	,29.399
3182,43.028753262	,131.900030621	,29.508
3183,43.028781156	,131.900151723	,30.034
3184,43.028686959	,131.901064524	,30.181
3185,43.028726446	,131.901086203	,29.675
base_5,42.915821228	,132.499830277	,57.121
3186,43.028711198	,131.901179372	,30.129
3187,43.028778090	,131.901101892	,29.458
3188,43.028815734	,131.901137147	,29.217
base_6,42.860652105	,131.387822612	,57.634
3189,43.028852503	,131.901174730	,29.178
3190,43.028884736	,131.901211898	,29.188
3191,43.028837153	,131.901234998	,29.049
3192,43.028856430	,131.901306060	,28.261
3193,43.028884459	,131.901214623	,28.628
3194,43.028916419	,131.901257456	,28.780
3195,43.028952593	,131.901299022	,28.718
3196,43.028982526	,131.901341514	,28.654
3197,43.029007999	,131.901395788	,28.478
3198,43.029033166	,131.901444988	,28.470
3199,43.029052721	,131.901498990	,28.397
3200,43.028997517	,131.901521170	,29.702
3201,43.029088028	,131.901582554	,29.350
3202,43.029107882	,131.901634112	,29.405
3203,43.029133149	,131.901686065	,29.387
3204,43.029158420	,131.901737801	,29.400
3205,43.029183286	,131.901789735	,29.345
3206,43.029209652	,131.901838645	,29.364
3207,43.029199068	,131.901921832	,29.485
3208,43.029258545	,131.902185814	,30.054
3209,43.029241674	,131.902274542	,31.737
3210,43.029127330	,131.902081720	,29.615
3211,43.029152628	,131.901916847	,29.631
3212,43.029106049	,131.901926373	,29.751
3213,43.029062873	,131.901938061	,29.851
3214,43.029017302	,131.901957540	,29.933
3215,43.029015229	,131.901999420	,29.758
3216,43.028971586	,131.901973727	,30.035
3217,43.028923741	,131.901982827	,30.174
3218,43.028879812	,131.901989297	,30.205
3219,43.028809683	,131.902072249	,30.921
3220,43.028788137	,131.902055417	,30.947
3221,43.028752932	,131.902031867	,30.988
3222,43.028634953	,131.901925082	,30.951
3223,43.028644247	,131.901872613	,30.357
3224,43.028543504	,131.901754576	,30.398
3225,43.028488877	,131.901449898	,30.386
3226,43.028512587	,131.901498246	,30.380
3227,43.028561401	,131.901586085	,30.405
3228,43.028585724	,131.901643292	,30.282
3229,43.028617483	,131.901686685	,30.241
3230,43.028647630	,131.901735932	,30.397
3231,43.028677082	,131.901732035	,30.344
3232,43.028685601	,131.901781287	,30.368
3233,43.028721508	,131.901810932	,30.415
3234,43.028765117	,131.901837869	,30.389
3235,43.028869023	,131.901890551	,30.246
3236,43.028961008	,131.901887212	,30.019
3237,43.029071770	,131.901851198	,29.757
3238,43.029119750	,131.901839282	,29.512
3239,43.029057985	,131.901780169	,29.717
3240,43.029055566	,131.901688809	,29.633
3241,43.028968159	,131.901717776	,30.065
3242,43.028825018	,131.901470500	,30.468
3243,43.028798553	,131.901525047	,30.611
3244,43.028819396	,131.901570153	,30.343
3245,43.028816084	,131.901715004	,30.632
3246,43.028741738	,131.901722509	,30.587
3247,43.028694841	,131.901571635	,30.377
3248,43.028329029	,131.901938896	,33.451
3249,43.028274346	,131.902129350	,35.912
3250,43.028271160	,131.902127696	,35.963
3251,43.028261563	,131.902227067	,38.159
3252,43.028259581	,131.902261491	,38.756
3253,43.028263530	,131.902297660	,39.509
3254,43.028276859	,131.902267933	,38.695
3255,43.028282462	,131.902259738	,38.580
3256,43.028282871	,131.902251968	,38.504
3257,43.028290898	,131.902245756	,38.312
3258,43.028291898	,131.902241978	,38.109
3259,43.028301147	,131.902234633	,37.896
3260,43.028295763	,131.902220942	,37.792
3261,43.028322760	,131.902204443	,37.242
3262,43.028341842	,131.902227859	,37.672
3263,43.028321120	,131.902178083	,37.439
3264,43.028320672	,131.902168073	,37.551
3265,43.028328798	,131.902135033	,36.355
3266,43.028338168	,131.902085470	,35.028
3267,43.028309469	,131.902095548	,35.553
3268,43.028335384	,131.902056023	,34.925
3269,43.028348654	,131.902049014	,34.841
3270,43.028340020	,131.902046533	,34.750
3271,43.028387033	,131.902180444	,36.340
3272,43.028394821	,131.902168207	,35.939
3273,43.028439039	,131.902190495	,36.366
3274,43.028472012	,131.902124917	,34.940
3275,43.028474263	,131.902113608	,34.803
3276,43.028478203	,131.902123790	,34.855
3277,43.028505824	,131.902160892	,35.158
3278,43.028528729	,131.902166748	,35.051
3279,43.028529602	,131.902184228	,35.986
3280,43.028516712	,131.902107052	,34.327
3281,43.028522585	,131.902124146	,34.436
3282,43.028544677	,131.902143204	,34.546
3283,43.028557031	,131.902145438	,34.616
3284,43.028598577	,131.902160813	,34.271
3285,43.028601172	,131.902179931	,34.463
3286,43.028696549	,131.902164236	,33.672
3287,43.028585013	,131.902095881	,33.463
3288,43.028576421	,131.902097873	,33.675
3289,43.028565268	,131.902070469	,33.189
3290,43.028566648	,131.902064518	,32.905
3291,43.028592358	,131.902046854	,33.297
3292,43.028567204	,131.902028800	,32.860
3293,43.028542128	,131.902016362	,32.706
3294,43.028477400	,131.901902166	,32.168
3295,43.028141545	,131.900879154	,30.210
3296,43.028145040	,131.900947191	,31.023
3297,43.028172724	,131.901114547	,30.485
3298,43.028097635	,131.901134422	,31.179
3299,43.028005815	,131.900906436	,30.867
3300,43.027993656	,131.900921129	,31.134
3301,43.027949850	,131.900884366	,31.075
3302,43.027936323	,131.900875343	,30.860
3303,43.027937491	,131.900881179	,30.841
3304,43.027927184	,131.900903798	,30.857
3305,43.027922992	,131.900965479	,31.527
3306,43.027747612	,131.900931752	,32.656
3307,43.027742129	,131.900978183	,32.987
3308,43.027943349	,131.901115661	,32.423
3309,43.028008581	,131.901489529	,34.324
3310,43.028049736	,131.901447488	,33.588
3311,43.028111040	,131.901524325	,33.235
3312,43.028148002	,131.901683791	,33.854
3313,43.028162632	,131.901681733	,33.711
3314,43.028177266	,131.901678894	,33.363
3315,43.028218834	,131.901701666	,33.833
3316,43.028198939	,131.901741201	,33.965
3317,43.028199798	,131.901712432	,33.646
3318,43.028204790	,131.901754994	,33.875
3319,43.028188818	,131.901742975	,33.848
3320,43.028172772	,131.901713510	,33.313
3321,43.028165993	,131.901893563	,35.726
3322,43.028137463	,131.901980022	,36.564
3323,43.028139814	,131.901983732	,36.575
3324,43.028098914	,131.902147642	,38.522
3325,43.028063195	,131.902314325	,40.736
3326,43.028053276	,131.902233633	,39.721
3327,43.028045445	,131.902156930	,39.071
3328,43.027923148	,131.901949744	,38.155
3329,43.027886015	,131.901780697	,37.209
3330,43.027935753	,131.901722128	,36.378
3331,43.027863651	,131.901715428	,36.853
3332,43.027838012	,131.901640360	,36.466
3333,43.027922568	,131.901495300	,35.035
3334,43.027918719	,131.901487269	,35.187
3335,43.027912958	,131.901242693	,33.440
3336,43.027879984	,131.901192918	,33.367
3337,43.027861660	,131.901211574	,33.584
3338,43.027797117	,131.901203490	,33.997
3339,43.027792353	,131.901284743	,34.442
3340,43.027814377	,131.901394361	,34.905
3341,43.027822707	,131.901555543	,36.098
3342,43.027757380	,131.901549087	,36.423
3343,43.027750929	,131.901540380	,36.581
3344,43.027740967	,131.901612227	,36.954
3345,43.027737601	,131.901621859	,37.087
3346,43.027630687	,131.901656754	,38.210
3347,43.027627111	,131.901645125	,38.079
3348,43.027665551	,131.901557533	,37.141
3349,43.027602368	,131.901535202	,37.339
3350,43.027536005	,131.901597252	,38.411
3351,43.027485853	,131.901410529	,37.620
3352,43.027443996	,131.901397333	,37.863
3353,43.027510982	,131.901179461	,36.118
3354,43.027574055	,131.901112494	,35.177
3355,43.027573742	,131.901079417	,35.058
3356,43.027604004	,131.901076887	,34.737
3357,43.027600979	,131.901159037	,35.198
3358,43.027673093	,131.901183932	,34.723
3359,43.027686834	,131.901185574	,34.728
3360,43.027686504	,131.901171876	,34.531
3361,43.027677563	,131.901249092	,34.990
3362,43.027569683	,131.901265807	,35.957
3363,43.027580768	,131.901350322	,36.304
3364,43.027585623	,131.901354266	,36.301
3365,43.027626452	,131.901369906	,36.068
3366,43.027623052	,131.901306233	,35.694
3367,43.027624720	,131.901300027	,35.540
3368,43.027666874	,131.901363638	,35.633
3369,43.027712978	,131.901271897	,34.921
3370,43.027751538	,131.901345004	,34.952
3371,43.027746756	,131.901364372	,35.210
3372,43.027745840	,131.901398919	,35.393
3373,43.027758016	,131.901410997	,35.423
3374,43.027810492	,131.902112230	,40.310
3375,43.027805373	,131.902107954	,40.349
3376,43.027903220	,131.902097191	,39.504
3377,43.027852063	,131.902019137	,39.153
3378,43.027865358	,131.901968393	,38.612
3379,43.027804158	,131.901992017	,39.230
3380,43.027792260	,131.901996868	,39.548
3381,43.027775351	,131.901928782	,38.994
3382,43.027780456	,131.901929424	,38.828
3383,43.027803257	,131.901807298	,37.982
3384,43.027799687	,131.901803691	,37.955
3385,43.027764943	,131.901721216	,37.306
3386,43.027726445	,131.901855238	,38.856
3387,43.027723004	,131.901853115	,38.866
3388,43.027715732	,131.901860745	,38.984
3389,43.027716308	,131.901865128	,39.121
3390,43.027708334	,131.901966586	,39.901
3391,43.027719389	,131.901943823	,39.681
3392,43.027715829	,131.901940240	,39.668
3393,43.027620499	,131.901991204	,40.652
3394,43.027643649	,131.901935590	,40.010
3395,43.027547644	,131.901884263	,40.465
3396,43.027541185	,131.901812086	,40.413
3397,43.027496793	,131.901819682	,40.427
3398,43.027633354	,131.901722881	,38.490
3399,43.027628753	,131.901718147	,38.880
3400,43.027570286	,131.901682758	,39.021
3401,43.027546894	,131.901720901	,39.105
3402,43.027541317	,131.901726286	,39.186
3403,43.027464702	,131.901674859	,39.430
3404,43.027413848	,131.901728635	,40.959
3405,43.027423649	,131.901581192	,39.239
3406,43.027416580	,131.901444835	,38.392
3407,43.027411811	,131.901441380	,38.267
3408,43.027404733	,131.901399808	,37.955
3409,43.027402446	,131.901397292	,38.133
3410,43.027269945	,131.901449000	,39.744
3411,43.027271001	,131.901443494	,39.684
3412,43.027256245	,131.901361264	,39.450
3413,43.027283642	,131.901307460	,38.884
3414,43.027234157	,131.901300738	,39.175
3415,43.027228840	,131.901305135	,39.321
3416,43.027152398	,131.901552614	,41.788
3417,43.027137724	,131.901488361	,41.285
3418,43.027146504	,131.901486717	,41.236
3419,43.027142064	,131.901478484	,41.192
3420,43.027183961	,131.901430757	,40.539
3421,43.027178813	,131.901348706	,40.108
3422,43.027184165	,131.901336471	,39.918
3423,43.027192668	,131.901260494	,39.429
3424,43.027169038	,131.901310291	,39.783
3425,43.027130202	,131.901360989	,40.566
3426,43.027085137	,131.901425463	,41.346
3427,43.027101569	,131.901370659	,40.797
3428,43.027104231	,131.901305451	,40.441
3429,43.027111039	,131.901291969	,40.310
3430,43.027107406	,131.901245408	,39.852
3431,43.027146472	,131.901139046	,38.943
3432,43.027089051	,131.901152852	,39.559
3433,43.027029031	,131.901242281	,40.571
3434,43.026935277	,131.901335105	,42.091
3435,43.026921928	,131.901335077	,42.263
3436,43.026902765	,131.901316151	,42.171
3437,43.026905537	,131.901311606	,42.013
3438,43.026879963	,131.901292326	,42.232
3439,43.026858726	,131.901272150	,42.026
3440,43.026858557	,131.901267593	,42.107
3441,43.026844181	,131.901229722	,41.846
3442,43.026794634	,131.901224281	,43.024
3443,43.026800961	,131.901207700	,42.349
3444,43.026852579	,131.901224378	,41.830
3445,43.026856742	,131.901210529	,41.684
3446,43.026866589	,131.901160835	,41.406
3447,43.026883638	,131.901189951	,41.429
3448,43.026888501	,131.901193939	,41.727
3449,43.026881726	,131.901238606	,41.948
3450,43.026892700	,131.901253518	,41.774
3451,43.026907081	,131.901236842	,41.517
3452,43.026910139	,131.901241525	,41.698
3453,43.026927099	,131.901295030	,41.718
3454,43.026941688	,131.901237148	,41.463
3455,43.027017957	,131.901197251	,40.265
3456,43.026977395	,131.901184143	,40.556
3457,43.026976433	,131.901176439	,40.713
3458,43.026972113	,131.901176929	,40.603
3459,43.026940373	,131.901136473	,40.407
3460,43.026933620	,131.901126525	,40.848
3461,43.026975056	,131.901111244	,40.288
3462,43.026985509	,131.901113201	,40.268
3463,43.027032428	,131.901064092	,39.231
3464,43.026946561	,131.901068685	,40.099
3465,43.026950556	,131.901060260	,39.997
3466,43.026980837	,131.901030260	,39.575
3467,43.026981932	,131.900994170	,39.302
3468,43.027072570	,131.900960990	,38.393
3469,43.027065232	,131.900955241	,38.588
3470,43.026993814	,131.900890091	,38.788
3471,43.026925023	,131.900886402	,39.312
3472,43.026802941	,131.901075370	,41.462
3473,43.026797289	,131.901055439	,41.404
3474,43.026799364	,131.901019715	,41.155
3475,43.026789573	,131.901022276	,41.098
3476,43.026747897	,131.901056327	,41.672
3477,43.026656605	,131.901002524	,42.613
3478,43.026645462	,131.900990458	,42.601
3479,43.026504585	,131.900838949	,42.919
3480,43.026443544	,131.900804121	,43.532
3481,43.026707085	,131.900877889	,40.967
3482,43.026720495	,131.900868564	,40.776
3483,43.026770854	,131.900900509	,40.741
3484,43.026784070	,131.900952845	,40.811
3485,43.026813240	,131.900937704	,40.692
3486,43.026963781	,131.900756698	,38.334
3487,43.026959974	,131.900688312	,37.949
3488,43.026965830	,131.900691133	,38.140
3489,43.026998218	,131.900656000	,37.435
3490,43.026962269	,131.900600639	,37.275
3491,43.026915715	,131.900585293	,37.665
3492,43.026801699	,131.900730182	,39.529
3493,43.026788732	,131.900727682	,39.564
3494,43.026785181	,131.900739831	,39.704
3495,43.026820112	,131.900666073	,39.125
3496,43.026833727	,131.900664129	,38.732
3497,43.026829238	,131.900613830	,39.119
3498,43.026884449	,131.900440131	,37.429
3499,43.026822683	,131.900380587	,37.847
3500,43.026828783	,131.900403629	,37.844
3501,43.026824251	,131.900419462	,37.991
3502,43.026839399	,131.900502858	,37.943
3503,43.026799669	,131.900534879	,38.801
3504,43.026691609	,131.900518623	,39.826
3505,43.026705013	,131.900645335	,40.085
3506,43.026621079	,131.900619099	,40.426
3507,43.026612381	,131.900609223	,40.527
3508,43.026605495	,131.900578317	,40.606
3509,43.026587000	,131.900565017	,40.682
3510,43.026509779	,131.900531742	,41.425
3511,43.026508262	,131.900527412	,41.840
3512,43.026422311	,131.900564294	,42.406
3513,43.026422409	,131.900552871	,42.385
3514,43.026414696	,131.900554785	,42.319
3515,43.026411261	,131.900448028	,41.742
3516,43.026492847	,131.900389491	,40.467
3517,43.026530705	,131.900381505	,40.109
3518,43.026582510	,131.900345221	,39.474
3519,43.026590417	,131.900347880	,39.322
3520,43.026602548	,131.900362426	,39.349
3521,43.026612707	,131.900438697	,39.881
3522,43.026615748	,131.900454957	,40.167
3523,43.026623734	,131.900448655	,39.964
3524,43.026663349	,131.900392966	,39.082
3525,43.026673038	,131.900387904	,38.819
3526,43.026678269	,131.900380306	,38.727
3527,43.026689449	,131.900373902	,38.921
3528,43.026694600	,131.900393785	,39.148
3529,43.026691232	,131.900418866	,39.079
3530,43.026721366	,131.900396291	,38.566
3531,43.026742226	,131.900386529	,38.405
3532,43.026708362	,131.900378543	,38.824
3533,43.026698095	,131.900352670	,38.821
3534,43.026717394	,131.900264418	,37.936
3535,43.026685430	,131.900227240	,37.482
3536,43.026681307	,131.900222083	,37.351
3537,43.026663081	,131.900280871	,38.584
3538,43.026663367	,131.900292867	,38.782
3539,43.026646928	,131.900296055	,38.565
3540,43.026627986	,131.900284970	,38.227
3541,43.026520640	,131.900279219	,38.784
3542,43.026507455	,131.900230441	,37.775
3543,43.026496912	,131.900223140	,37.832
3544,43.026470994	,131.900259414	,38.718
3545,43.026466104	,131.900312877	,39.649
3546,43.026461962	,131.900325860	,40.196
3547,43.026422485	,131.900374501	,41.176
3548,43.026406014	,131.900376712	,41.275
3549,43.026349035	,131.900380753	,42.164
3550,43.026338808	,131.900356028	,41.545
3551,43.026334362	,131.900351407	,41.806
3552,43.026347814	,131.900346481	,41.514
3553,43.026345426	,131.900331567	,41.291
3554,43.026373539	,131.900339666	,40.864
3555,43.026386968	,131.900328786	,40.628
3556,43.026397556	,131.900317865	,40.305
3557,43.026430210	,131.900297762	,39.965
3558,43.026414151	,131.900287149	,40.064
3559,43.026410064	,131.900254138	,39.424
3560,43.026409949	,131.900242969	,39.586
3561,43.026423135	,131.900229980	,38.613
3562,43.026415428	,131.900204143	,38.384
3563,43.026409594	,131.900200857	,38.192
3564,43.026393078	,131.900214952	,38.722
3565,43.026387663	,131.900224518	,39.077
3566,43.026378970	,131.900198999	,38.735
3567,43.026382481	,131.900256053	,39.551
3568,43.026372639	,131.900273473	,39.971
3569,43.026363884	,131.900265642	,39.616
3570,43.026353556	,131.900254847	,39.597
3571,43.026349156	,131.900245015	,39.870
3572,43.026345684	,131.900258131	,39.780
3573,43.026309749	,131.900249722	,40.303
3574,43.026290473	,131.900322869	,41.988
3575,43.026269940	,131.900255747	,41.174
3576,43.026265869	,131.900237097	,40.957
3577,43.026250075	,131.900235392	,41.064
3578,43.026235846	,131.900213249	,41.171
3579,43.026203961	,131.900195634	,42.372
3580,43.026227861	,131.900156860	,41.234
3581,43.026232934	,131.900148118	,40.934
3582,43.026231503	,131.900123967	,41.151
3583,43.026149348	,131.900123621	,43.604
3584,43.026178545	,131.900095056	,42.409
3585,43.026184968	,131.900091923	,42.482
3586,43.026164403	,131.900071434	,43.038
3587,43.026154796	,131.900044976	,43.186
3588,43.026149926	,131.900037166	,43.554
3589,43.026160629	,131.900037023	,43.262
3590,43.026190043	,131.900014075	,43.172
3591,43.026191426	,131.900021352	,42.770
3592,43.026219000	,131.900049383	,42.033
3593,43.026276714	,131.900047973	,41.174
3594,43.026268439	,131.900133739	,40.236
3595,43.026281146	,131.900136133	,39.606
3596,43.026260170	,131.900214706	,40.769
3597,43.026283460	,131.900203386	,40.183
3598,43.026311841	,131.900191638	,39.492
3599,43.026324038	,131.900174918	,39.192
3600,43.026330321	,131.900128619	,39.392
3601,43.026383008	,131.900098208	,38.544
3602,43.026439203	,131.900057090	,38.895
3603,43.026440122	,131.900069746	,38.497
3604,43.026470327	,131.900107383	,37.719
3605,43.026532562	,131.900120759	,37.197
3606,43.026535335	,131.900104497	,37.231
3607,43.026549521	,131.900118950	,36.993
3608,43.026556647	,131.900122098	,36.895
3609,43.026549984	,131.900102565	,37.176
3610,43.026547538	,131.900085594	,37.387
3611,43.026548963	,131.900092767	,37.428
3612,43.026628691	,131.900174005	,36.705
3613,43.026622723	,131.900185528	,36.927
3614,43.026670843	,131.900086313	,36.198
3615,43.026658277	,131.900082989	,36.356
3616,43.026663485	,131.900068708	,36.199
3617,43.026667693	,131.900072203	,36.161
3618,43.026673017	,131.900058897	,36.144
3619,43.026652615	,131.900021369	,37.037
3620,43.026602993	,131.899965547	,38.679
3621,43.026550290	,131.900032729	,38.488
3622,43.026417347	,131.900013296	,39.528
3623,43.026413719	,131.900007253	,39.749
3624,43.026412094	,131.899965568	,40.730
3625,43.026373855	,131.899978552	,40.863
3626,43.026373654	,131.899992340	,40.988
3627,43.026371900	,131.899999912	,40.573
3628,43.026378146	,131.900017879	,40.106
3629,43.026373125	,131.900029294	,40.023
3630,43.026352820	,131.900026680	,40.355
3631,43.026347173	,131.900019547	,40.655
3632,43.026345247	,131.900004588	,40.955
3633,43.026331403	,131.900055794	,40.269
3634,43.026310401	,131.900039195	,40.796
3635,43.026156525	,131.899958048	,43.916
3636,43.026110389	,131.899894861	,44.460
3637,43.026141134	,131.899896861	,43.931
3638,43.026151408	,131.899862617	,43.756
3639,43.026178743	,131.899803655	,43.663
3640,43.026192395	,131.899804602	,43.428
3641,43.026216396	,131.899949287	,43.097
3642,43.026236749	,131.899877770	,42.801
3643,43.026283940	,131.899769036	,42.041
3644,43.026209463	,131.899708658	,43.225
3645,43.026317516	,131.899666398	,41.188
3646,43.026317251	,131.899655439	,41.199
3647,43.026381803	,131.899766048	,40.765
3648,43.026412609	,131.899740254	,40.067
3649,43.026519585	,131.899834961	,39.535
3650,43.026520203	,131.899859168	,39.723
3651,43.026518208	,131.899904609	,39.789
3652,43.026564400	,131.899910147	,39.273
3653,43.026588666	,131.899884472	,39.020
3654,43.026591027	,131.899825575	,38.506
3655,43.026617942	,131.899815360	,37.760
3656,43.026601496	,131.899917927	,38.936
3657,43.026649820	,131.899938671	,38.078
3658,43.026730726	,131.899931179	,36.363
3659,43.026721798	,131.899875077	,36.656
3660,43.026714970	,131.899834887	,36.591
3661,43.026663318	,131.899837864	,37.055
3662,43.026669992	,131.899782846	,36.201
3663,43.026612708	,131.899750199	,36.189
3664,43.026570407	,131.899755833	,37.385
3665,43.026547284	,131.899710302	,37.245
3666,43.026452402	,131.899723639	,38.476
3667,43.026462017	,131.899681158	,37.752
3668,43.026547713	,131.899628649	,37.064
3669,43.026547454	,131.899621933	,37.618
3670,43.026579486	,131.899613406	,38.061
3671,43.026574278	,131.899606032	,38.173
3672,43.026635371	,131.899618696	,37.599
3673,43.026634399	,131.899605308	,38.113
3674,43.026619412	,131.899555619	,38.619
3675,43.026605132	,131.899570446	,38.682
3676,43.026574329	,131.899563091	,38.959
3677,43.026579210	,131.899538623	,39.105
3678,43.026588928	,131.899534313	,39.072
3679,43.026604487	,131.899520966	,38.863
3680,43.026582744	,131.899493007	,39.294
3681,43.026567085	,131.899465943	,39.602
3682,43.026562966	,131.899472592	,39.903
3683,43.026547855	,131.899453490	,40.161
3684,43.026532181	,131.899456876	,40.326
3685,43.026503127	,131.899485357	,40.070
3686,43.026481342	,131.899504996	,40.664
3687,43.026478757	,131.899508300	,40.484
3688,43.026486353	,131.899562542	,39.696
3689,43.026482422	,131.899558882	,39.914
3690,43.026450957	,131.899510455	,40.617
3691,43.026419597	,131.899562493	,40.378
3692,43.026394160	,131.899554189	,40.949
3693,43.026386331	,131.899564024	,40.794
3694,43.026386708	,131.899555883	,41.002
3695,43.026404514	,131.899503062	,41.148
3696,43.026430519	,131.899495725	,40.800
3697,43.026415649	,131.899484733	,41.077
3698,43.026404170	,131.899455637	,41.338
3699,43.026412614	,131.899427680	,41.511
3700,43.026415224	,131.899425134	,41.572
3701,43.026419175	,131.899421730	,41.401
3702,43.026408451	,131.899375232	,41.779
3703,43.026401148	,131.899372635	,41.909
3704,43.026337895	,131.899377888	,42.689
3705,43.026327393	,131.899405576	,42.723
3706,43.026342452	,131.899419776	,42.454
3707,43.026327357	,131.899557888	,41.652
3708,43.026381447	,131.899299388	,42.458
3709,43.026379111	,131.899296048	,42.535
3710,43.026411195	,131.899309527	,42.445
3711,43.026464961	,131.899367058	,41.309
3712,43.026469147	,131.899301321	,41.841
3713,43.026492523	,131.899343776	,41.430
3714,43.026503279	,131.899341233	,41.310
3715,43.026506845	,131.899342638	,41.250
3716,43.026529907	,131.899358906	,40.885
3717,43.026547110	,131.899391065	,40.402
3718,43.026580693	,131.899366766	,40.216
3719,43.026643303	,131.899390324	,38.953
3720,43.026654845	,131.899423322	,38.811
3721,43.026686549	,131.899394119	,38.311
3722,43.026702295	,131.899415972	,38.235
3723,43.026704678	,131.899383185	,37.970
3724,43.026692296	,131.899360500	,37.928
3725,43.026719720	,131.899325457	,37.352
3726,43.026726556	,131.899343125	,37.194
3727,43.026765401	,131.899319223	,36.933
3728,43.026770351	,131.899312306	,36.666
3729,43.026798487	,131.899330397	,36.495
3730,43.026783693	,131.899364275	,36.841
3731,43.026803830	,131.899335911	,36.736
3732,43.026770174	,131.899269661	,36.614
3733,43.026792741	,131.899259128	,36.206
3734,43.026787181	,131.899182801	,36.075
3735,43.026823334	,131.899208349	,35.464
3736,43.026850477	,131.899254754	,35.729
3737,43.026855946	,131.899245649	,35.797
3738,43.026854658	,131.899208206	,35.428
3739,43.026877652	,131.899250450	,35.448
3740,43.026891305	,131.899278652	,35.554
3741,43.026907087	,131.899204076	,35.313
3742,43.026928359	,131.899244096	,35.371
3743,43.026919080	,131.899183195	,35.030
3744,43.026960332	,131.899095532	,35.074
3745,43.027059153	,131.899037418	,34.619
3746,43.027141544	,131.899011824	,34.066
3747,43.027161256	,131.898938903	,34.076
3748,43.027162329	,131.898931337	,34.173
3749,43.027150918	,131.898917943	,34.449
3750,43.027170014	,131.898905990	,34.128
3751,43.027173405	,131.898884614	,34.284
3752,43.027181047	,131.898890543	,34.056
3753,43.027169414	,131.898867588	,34.145
3754,43.027150258	,131.898863127	,34.372
3755,43.027119970	,131.898795116	,34.390
3756,43.027108217	,131.898716575	,34.402
3757,43.027111245	,131.898656664	,34.265
3758,43.027074382	,131.898705633	,34.330
3759,43.027046570	,131.898693079	,34.560
3760,43.027004291	,131.898654108	,34.864
3761,43.026956813	,131.898583368	,34.988
3762,43.026855750	,131.898533151	,35.871
3763,43.026810182	,131.898584384	,35.710
3764,43.026769997	,131.898524110	,36.515
3765,43.026637701	,131.898611977	,36.818
3766,43.026579521	,131.898596441	,37.483
3767,43.026567706	,131.898650000	,37.957
3768,43.026529169	,131.898707905	,38.505
3769,43.026527540	,131.898760732	,38.571
3770,43.026507562	,131.898761852	,38.932
3771,43.026430015	,131.898858152	,40.176
3772,43.026429548	,131.898871929	,40.183
3773,43.026398912	,131.898861359	,40.776
3774,43.026393839	,131.898866878	,40.670
3775,43.026391889	,131.898872887	,40.867
3776,43.026393094	,131.898880259	,40.699
3777,43.026394950	,131.898887195	,40.880
3778,43.026380552	,131.898884066	,41.035
3779,43.026365373	,131.898960608	,41.581
3780,43.026370109	,131.899022817	,41.997
3781,43.026367744	,131.899030578	,41.891
3782,43.026372109	,131.899051905	,42.033
3783,43.026363873	,131.899089619	,42.725
3784,43.026368337	,131.899090156	,42.831
3785,43.026366418	,131.899097730	,42.727
3786,43.026396120	,131.899098955	,42.435
3787,43.026368839	,131.899203590	,42.831
3788,43.026397157	,131.899195611	,43.113
3789,43.026380664	,131.899238014	,42.862
3790,43.026400848	,131.899202394	,42.908
3791,43.026402072	,131.899265414	,42.552
3792,43.026417414	,131.899258794	,42.634
3793,43.026419851	,131.899262940	,42.453
3794,43.026443987	,131.899265396	,42.275
3795,43.026528367	,131.899287816	,41.414
3796,43.026526001	,131.899278541	,41.523
3797,43.026533639	,131.899248778	,41.012
3798,43.026559048	,131.899243291	,40.363
3799,43.026568882	,131.899271890	,40.588
3800,43.026604798	,131.899267395	,40.003
3801,43.026652541	,131.899312708	,39.047
3802,43.026776941	,131.899099636	,36.130
3803,43.026776574	,131.899060501	,35.781
3804,43.026774342	,131.899049203	,36.063
3805,43.026746622	,131.898994135	,36.457
3806,43.026734296	,131.898975121	,36.327
3807,43.026787930	,131.898958120	,36.022
3808,43.026798944	,131.898945219	,35.652
3809,43.026831301	,131.898957746	,35.770
3810,43.026818607	,131.898936311	,35.377
3811,43.026832064	,131.898922029	,35.396
3812,43.026834154	,131.898927950	,35.441
3813,43.026853081	,131.898925523	,35.472
3814,43.026856738	,131.898940208	,35.354
3815,43.026859228	,131.898975650	,35.128
3816,43.026869117	,131.898968580	,35.402
3817,43.026866104	,131.899004702	,35.375
3818,43.026980464	,131.899043885	,34.942
3819,43.026985797	,131.899051189	,35.032
3820,43.026998540	,131.899013873	,35.325
3821,43.026989181	,131.899005380	,35.310
3822,43.026982663	,131.899010179	,35.242
3823,43.027028633	,131.898971027	,34.763
3824,43.027010386	,131.898972631	,34.696
3825,43.027023851	,131.898962858	,35.013
3826,43.027007883	,131.898926275	,35.009
3827,43.026989616	,131.898906701	,34.905
3828,43.026961725	,131.898899030	,35.116
3829,43.027106432	,131.898939095	,34.418
3830,43.027112481	,131.898882532	,34.632
3831,43.027139146	,131.898880603	,34.331
3832,43.027132933	,131.898865322	,34.441
3833,43.027090854	,131.898843271	,34.474
3834,43.027044980	,131.898815359	,34.744
3835,43.027045232	,131.898798162	,34.569
3836,43.027072038	,131.898744105	,34.366
3837,43.027069668	,131.898736722	,34.442
3838,43.027075358	,131.898705947	,34.266
3839,43.027028558	,131.898748534	,34.599
3840,43.027020810	,131.898705430	,34.619
3841,43.027011482	,131.898764289	,34.811
3842,43.027014082	,131.898827824	,34.713
3843,43.026987537	,131.898792444	,34.905
3844,43.026977051	,131.898782557	,34.952
3845,43.026971438	,131.898760621	,34.861
3846,43.026961446	,131.898699655	,34.858
3847,43.026941114	,131.898737342	,34.989
3848,43.026937057	,131.898768721	,35.203
3849,43.026947500	,131.898799435	,35.427
3850,43.026923201	,131.898795266	,35.398
3851,43.026905470	,131.898869320	,35.359
3852,43.026903318	,131.898793485	,35.342
3853,43.026885303	,131.898772384	,35.706
3854,43.026856673	,131.898838829	,35.183
3855,43.026860534	,131.898821090	,35.178
3856,43.026827321	,131.898697790	,35.684
3857,43.026818713	,131.898706755	,35.789
3858,43.026784599	,131.898727048	,35.801
3859,43.026691264	,131.898686018	,36.534
3860,43.026670756	,131.898715479	,36.714
3861,43.026683905	,131.898756957	,36.486
3862,43.026686330	,131.898775555	,36.397
3863,43.026675515	,131.898795214	,36.473
3864,43.026656701	,131.898867863	,36.677
3865,43.026646910	,131.898852010	,36.580
3866,43.026647693	,131.898845959	,36.537
3867,43.026644959	,131.898825731	,36.838
3868,43.026647172	,131.898792028	,37.357
3869,43.026638694	,131.898774690	,37.086
3870,43.026626576	,131.898781140	,37.023
3871,43.026625437	,131.898764503	,37.198
3872,43.026629758	,131.898718408	,37.003
3873,43.026581589	,131.898722934	,37.538
3874,43.026589554	,131.898756759	,37.447
3875,43.026558317	,131.898728103	,38.140
3876,43.026556519	,131.898733729	,38.191
3877,43.026544921	,131.898853316	,38.465
3878,43.026529184	,131.898865693	,38.904
3879,43.026472660	,131.898928417	,39.681
3880,43.026461390	,131.898976022	,39.834
3881,43.026466776	,131.898977598	,39.705
3882,43.026504229	,131.899008093	,39.080
3883,43.026502247	,131.899030213	,39.529
3884,43.026530568	,131.899038722	,38.703
3885,43.026521721	,131.899072520	,39.155
3886,43.026467484	,131.899057628	,40.523
3887,43.026461776	,131.899082765	,40.995
3888,43.026458898	,131.899079880	,40.785
3889,43.026460273	,131.899058059	,40.556
3890,43.026461330	,131.899051323	,40.373
3891,43.026420968	,131.899022463	,40.939
3892,43.026416419	,131.899026339	,41.126
3893,43.026414157	,131.899042110	,41.168
3894,43.026480399	,131.899153072	,41.225
3895,43.026451474	,131.899186192	,42.413
3896,43.026470762	,131.899193450	,41.823
3897,43.026503431	,131.899173427	,40.870
3898,43.026520116	,131.899182329	,40.709
3899,43.026534024	,131.899197463	,40.487
3900,43.026522850	,131.899217510	,41.003
3901,43.026567652	,131.899011320	,37.985
3902,43.026653648	,131.898998255	,38.033
3903,43.026644750	,131.898970618	,37.299
3904,43.026637889	,131.898965966	,37.417
3905,43.026646675	,131.898950285	,37.089
3906,43.026644046	,131.898968196	,37.259
3907,43.026693987	,131.898941029	,36.906
3908,43.026690472	,131.898891873	,36.588
3909,43.026719108	,131.898867439	,36.288
3910,43.026735038	,131.898895459	,36.418
3911,43.026724427	,131.898837373	,36.297
3912,43.026595001	,131.898872124	,37.292
3913,43.026587788	,131.898846541	,37.234
3914,43.026122679	,131.899785304	,44.253
3915,43.026121979	,131.899777939	,44.386
3916,43.026052861	,131.899675360	,45.172
3917,43.026105135	,131.899556410	,44.435
3918,43.026171523	,131.899513056	,43.840
3919,43.026174522	,131.899480874	,44.004
3920,43.026172721	,131.899470956	,43.806
3921,43.026196656	,131.899465145	,43.713
3922,43.026232075	,131.899338646	,43.803
3923,43.026175255	,131.899369668	,44.314
3924,43.026170019	,131.899367639	,44.270
3925,43.026172329	,131.899356173	,44.304
3926,43.026166837	,131.899312490	,44.555
3927,43.026110535	,131.899444713	,44.541
3928,43.026090348	,131.899458217	,44.863
3929,43.026093977	,131.899451399	,44.797
3930,43.026070922	,131.899508941	,44.789
3931,43.026075951	,131.899502004	,44.907
3932,43.025987320	,131.899467433	,45.994
3933,43.025990269	,131.899427521	,45.870
3934,43.025910188	,131.899379871	,46.945
3935,43.025937130	,131.899351527	,46.565
3936,43.025942170	,131.899351172	,46.474
3937,43.025956271	,131.899291770	,46.464
3938,43.026011196	,131.899303234	,45.971
3939,43.026036938	,131.899284695	,45.743
3940,43.026023742	,131.899231964	,46.143
3941,43.025819553	,131.899200828	,48.223
3942,43.025814549	,131.899205086	,48.409
3943,43.025816345	,131.899195297	,48.437
3944,43.025601190	,131.899238851	,51.819
3945,43.025783814	,131.899123107	,48.942
3946,43.025864344	,131.899151975	,47.654
3947,43.025858013	,131.899151609	,47.906
3948,43.025906631	,131.899141013	,47.308
3949,43.025907313	,131.899120635	,47.385
3950,43.025807984	,131.899064485	,48.666
3951,43.025809720	,131.899066806	,48.613
3952,43.025804668	,131.899063359	,48.753
3953,43.025777716	,131.899044688	,49.235
3954,43.025775151	,131.899046616	,49.210
3955,43.025773972	,131.899038808	,49.360
3956,43.025851734	,131.898958867	,48.372
3957,43.025873589	,131.898969545	,48.144
3958,43.025873844	,131.899031310	,48.001
3959,43.025873679	,131.899040968	,47.939
3960,43.025929699	,131.898970169	,47.292
3961,43.025909904	,131.898914128	,47.489
3962,43.025922864	,131.898856517	,47.314
3963,43.025971518	,131.898900331	,46.974
3964,43.025966714	,131.898900644	,46.909
3965,43.026213526	,131.899265733	,44.139
3966,43.026218337	,131.899265326	,44.089
3967,43.026193635	,131.899231400	,44.333
3968,43.026186207	,131.899213994	,44.502
3969,43.026202476	,131.899189198	,43.757
3970,43.026259556	,131.899079010	,43.035
3971,43.026234625	,131.899016006	,43.492
3972,43.026231387	,131.899007039	,43.677
3973,43.026273450	,131.898969191	,42.784
3974,43.026246560	,131.898915982	,42.918
3975,43.026269459	,131.898899565	,42.326
3976,43.026295431	,131.898893498	,42.088
3977,43.026290889	,131.898891377	,42.046
3978,43.026295199	,131.898887417	,41.869
3979,43.026345778	,131.898778341	,40.937
3980,43.026352512	,131.898724831	,40.694
3981,43.026351237	,131.898730982	,40.826
3982,43.026350256	,131.898719179	,40.691
3983,43.026355885	,131.898694868	,40.543
3984,43.026366986	,131.898709132	,40.619
3985,43.026370085	,131.898708614	,40.387
3986,43.026377715	,131.898684144	,40.093
3987,43.026385718	,131.898644374	,39.914
3988,43.026380529	,131.898640099	,40.101
3989,43.026333604	,131.898660906	,40.640
3990,43.026294682	,131.898597035	,41.020
3991,43.026288129	,131.898586911	,41.033
3992,43.026307507	,131.898617745	,40.808
3993,43.026276779	,131.898631872	,41.186
3994,43.026271177	,131.898631220	,41.361
3995,43.026260995	,131.898659286	,41.400
3996,43.026313022	,131.898704742	,41.014
3997,43.026237414	,131.898651541	,41.864
3998,43.026203742	,131.898697137	,42.650
3999,43.026192964	,131.898688638	,42.990
4000,43.026232887	,131.898730484	,42.229
4001,43.026226720	,131.898730200	,42.426
4002,43.026247981	,131.898738687	,41.943
4003,43.026270878	,131.898766439	,42.086
4004,43.026268020	,131.898770723	,41.885
4005,43.026267784	,131.898773767	,42.068
4006,43.026248315	,131.898782958	,42.126
4007,43.026256525	,131.898808539	,42.070
4008,43.026151459	,131.898805173	,44.165
4009,43.026193818	,131.898905576	,43.367
4010,43.026172703	,131.898976600	,44.046
4011,43.026184108	,131.898993601	,43.907
4012,43.026151051	,131.898965748	,44.256
4013,43.026136239	,131.898900173	,44.154
4014,43.026132666	,131.898897756	,44.598
4015,43.026114036	,131.898895975	,44.680
4016,43.026101415	,131.898939412	,44.899
4017,43.026119058	,131.898986837	,44.757
4018,43.026136340	,131.899042520	,44.945
4019,43.026134653	,131.899051402	,44.869
4020,43.026106477	,131.899121446	,44.991
4021,43.026110250	,131.899145194	,45.132
4022,43.026104391	,131.899167649	,45.286
4023,43.026101192	,131.899172876	,45.307
4024,43.026090225	,131.899194332	,45.351
4025,43.026083020	,131.899191492	,45.713
4026,43.026033304	,131.899128794	,46.151
4027,43.025971919	,131.899048982	,46.855
4028,43.026024632	,131.899031507	,45.975
4029,43.025995789	,131.899001142	,46.526
4030,43.026018135	,131.898965304	,46.110
4031,43.026011913	,131.898963765	,46.308
4032,43.026035237	,131.898991114	,45.793
4033,43.026061242	,131.898971550	,45.505
4034,43.026059994	,131.898939102	,45.522
4035,43.026054888	,131.898937344	,45.633
4036,43.026050214	,131.898850729	,45.194
4037,43.026000735	,131.898855850	,46.370
4038,43.026006048	,131.898855168	,46.186
4039,43.025994597	,131.898808426	,45.991
4040,43.026032005	,131.898780999	,45.388
4041,43.026026894	,131.898774870	,45.878
4042,43.026892873	,131.899599266	,35.408
4043,43.026890924	,131.899605998	,35.324
4044,43.026887306	,131.899602076	,35.726
4045,43.026858529	,131.899543767	,36.076
4046,43.026844271	,131.899582193	,36.275
4047,43.026844400	,131.899616353	,35.740
4048,43.026808531	,131.899575990	,36.700
4049,43.026762923	,131.899631283	,36.672
4050,43.026709023	,131.899567967	,37.886